-- phpMyAdmin SQL Dump
-- version 4.8.4
-- https://www.phpmyadmin.net/
--
-- Servidor: 127.0.0.1
-- Tiempo de generación: 04-06-2019 a las 16:09:28
-- Versión del servidor: 10.1.37-MariaDB
-- Versión de PHP: 7.3.0

SET SQL_MODE = "NO_AUTO_VALUE_ON_ZERO";
SET AUTOCOMMIT = 0;
START TRANSACTION;
SET time_zone = "+00:00";


/*!40101 SET @OLD_CHARACTER_SET_CLIENT=@@CHARACTER_SET_CLIENT */;
/*!40101 SET @OLD_CHARACTER_SET_RESULTS=@@CHARACTER_SET_RESULTS */;
/*!40101 SET @OLD_COLLATION_CONNECTION=@@COLLATION_CONNECTION */;
/*!40101 SET NAMES utf8mb4 */;

--
-- Base de datos: `nba_liga_saresoziala`
--

-- --------------------------------------------------------

--
-- Estructura de tabla para la tabla `alineazioa`
--

CREATE TABLE `alineazioa` (
  `idErabiltzailea` int(11) NOT NULL,
  `mota` int(11) NOT NULL,
  `egunda` date DEFAULT NULL,
  `idJokalaria1` int(11) DEFAULT NULL,
  `idJokalaria2` int(11) DEFAULT NULL,
  `idJokalaria3` int(11) DEFAULT NULL,
  `idJokalaria4` int(11) DEFAULT NULL,
  `idJokalaria5` int(11) DEFAULT NULL
) ENGINE=InnoDB DEFAULT CHARSET=latin1;

--
-- Volcado de datos para la tabla `alineazioa`
--

INSERT INTO `alineazioa` (`idErabiltzailea`, `mota`, `egunda`, `idJokalaria1`, `idJokalaria2`, `idJokalaria3`, `idJokalaria4`, `idJokalaria5`) VALUES
(2, 0, '2019-05-16', 1629019, 204038, 201586, 203076, 201188),
(2, 1, '2019-05-16', 1629019, 204038, 201586, 203076, 201188),
(2, 2, '2019-05-16', 1629019, 204038, 201586, 203076, 201188),
(3, 0, '2019-05-16', 202689, 200768, 203953, 1627748, 1627745),
(3, 1, '2019-05-16', 202689, 200768, 203953, 1627748, 1627745);

-- --------------------------------------------------------

--
-- Estructura de tabla para la tabla `erabiltzailea`
--

CREATE TABLE `erabiltzailea` (
  `idErabiltzailea` int(11) NOT NULL,
  `nick` varchar(20) NOT NULL,
  `email` varchar(100) NOT NULL,
  `pasahitza` varchar(255) NOT NULL,
  `izen_osoa` varchar(100) NOT NULL,
  `dirua` int(11) NOT NULL,
  `administratzailea` tinyint(1) NOT NULL,
  `hizkuntza` varchar(3) NOT NULL,
  `koloreak` int(11) NOT NULL,
  `ordu_diferentzia` int(11) NOT NULL,
  `idKomunitatea` int(11) DEFAULT NULL
) ENGINE=InnoDB DEFAULT CHARSET=latin1;

--
-- Volcado de datos para la tabla `erabiltzailea`
--

INSERT INTO `erabiltzailea` (`idErabiltzailea`, `nick`, `email`, `pasahitza`, `izen_osoa`, `dirua`, `administratzailea`, `hizkuntza`, `koloreak`, `ordu_diferentzia`, `idKomunitatea`) VALUES
(1, 'root', '', '', '', 0, 0, '', 0, 0, 1),
(2, 'jongui', 'jongui14.14@gmail.com', '123456', 'Jon Guillo', 28000000, 1, '', 0, 0, 2),
(3, 'jongui14', 'jonguiiiii', '123456', 'Jon Bigarrena', 50000000, 0, '', 0, 0, 2),
(4, 'julen', 'juleneeee', '123456', 'Julen', 40000000, 1, '', 0, 0, 3);

-- --------------------------------------------------------

--
-- Estructura de tabla para la tabla `erabiltzailearen_jokalaria`
--

CREATE TABLE `erabiltzailearen_jokalaria` (
  `idErabiltzailea` int(11) NOT NULL,
  `idJokalaria` int(11) NOT NULL
) ENGINE=InnoDB DEFAULT CHARSET=latin1;

--
-- Volcado de datos para la tabla `erabiltzailearen_jokalaria`
--

INSERT INTO `erabiltzailearen_jokalaria` (`idErabiltzailea`, `idJokalaria`) VALUES
(2, 201188),
(2, 201586),
(2, 202335),
(2, 202688),
(2, 203076),
(2, 203613),
(2, 204038),
(2, 1627737),
(2, 1627748),
(2, 1627853),
(2, 1629019),
(4, 200768),
(4, 202689),
(4, 202697),
(4, 203503),
(4, 203897),
(4, 203953),
(4, 1626203),
(4, 1627745),
(4, 1627748),
(4, 1629126);

-- --------------------------------------------------------

--
-- Estructura de tabla para la tabla `eskaintza`
--

CREATE TABLE `eskaintza` (
  `idEskaintza` int(11) NOT NULL,
  `idMerkatuko_Jokalaria` int(11) NOT NULL,
  `idErabiltzailea` int(11) DEFAULT NULL,
  `eskaintza` int(11) NOT NULL
) ENGINE=InnoDB DEFAULT CHARSET=latin1;

--
-- Volcado de datos para la tabla `eskaintza`
--

INSERT INTO `eskaintza` (`idEskaintza`, `idMerkatuko_Jokalaria`, `idErabiltzailea`, `eskaintza`) VALUES
(1, 9, 1, 0),
(2, 10, 1, 18787123),
(3, 11, 1, 20583333),
(4, 1, 2, 17000000),
(6, 28, 1, 11400000),
(7, 12, 3, 11000000),
(8, 14, 2, 15000000),
(9, 29, 1, 5700000);

-- --------------------------------------------------------

--
-- Estructura de tabla para la tabla `jardunaldia`
--

CREATE TABLE `jardunaldia` (
  `idJardunaldia` int(11) NOT NULL,
  `hasierako_eguna` date DEFAULT NULL
) ENGINE=InnoDB DEFAULT CHARSET=latin1;

--
-- Volcado de datos para la tabla `jardunaldia`
--

INSERT INTO `jardunaldia` (`idJardunaldia`, `hasierako_eguna`) VALUES
(32, '2018-10-15'),
(33, '2018-10-22'),
(34, '2018-10-29'),
(35, '2018-11-05'),
(36, '2018-11-12'),
(37, '2018-11-19'),
(38, '2018-11-26'),
(39, '2018-12-03'),
(40, '2018-12-10'),
(41, '2018-12-17'),
(42, '2018-12-24'),
(43, '2018-12-31'),
(44, '2019-01-07'),
(45, '2019-01-14'),
(46, '2019-01-21'),
(47, '2019-01-28'),
(48, '2019-02-04'),
(49, '2019-02-11'),
(50, '2019-02-18'),
(51, '2019-02-25'),
(52, '2019-03-04'),
(53, '2019-03-11'),
(54, '2019-03-18'),
(55, '2019-03-25'),
(56, '2019-04-01'),
(57, '2019-04-08'),
(58, '2019-04-15'),
(59, '2019-04-22'),
(60, '2019-04-29'),
(61, '2019-05-06'),
(62, '2019-05-13'),
(63, '2019-05-20'),
(64, '2019-05-27'),
(65, '2019-06-03'),
(66, '2019-06-10'),
(67, '2019-06-17'),
(68, '2019-06-24');

-- --------------------------------------------------------

--
-- Estructura de tabla para la tabla `jokalaria`
--

CREATE TABLE `jokalaria` (
  `idJokalaria` int(11) NOT NULL,
  `idTaldea` int(11) DEFAULT NULL,
  `izena` varchar(45) DEFAULT NULL,
  `abizena` varchar(45) DEFAULT NULL,
  `dortsala` int(11) DEFAULT NULL,
  `posizioa` varchar(45) DEFAULT NULL,
  `altuera` float DEFAULT NULL,
  `pisua` float DEFAULT NULL,
  `jaiotze_data` date DEFAULT NULL,
  `nazionalitatea` varchar(45) DEFAULT NULL,
  `draft_urtea` int(11) DEFAULT NULL,
  `draft_postua` int(11) DEFAULT NULL,
  `unibertsitatea` varchar(45) DEFAULT NULL,
  `nba_debut_urtea` int(11) DEFAULT NULL,
  `nba_urteak` int(11) DEFAULT NULL,
  `draft_id_taldea` int(11) DEFAULT NULL,
  `soldata` int(11) NOT NULL
) ENGINE=InnoDB DEFAULT CHARSET=latin1;

--
-- Volcado de datos para la tabla `jokalaria`
--

INSERT INTO `jokalaria` (`idJokalaria`, `idTaldea`, `izena`, `abizena`, `dortsala`, `posizioa`, `altuera`, `pisua`, `jaiotze_data`, `nazionalitatea`, `draft_urtea`, `draft_postua`, `unibertsitatea`, `nba_debut_urtea`, `nba_urteak`, `draft_id_taldea`, `soldata`) VALUES
(1713, 1610612737, 'Vince', 'Carter', 15, 'F-G', 1.98, 99.8, '1977-01-26', 'USA', 1998, 5, 'North Carolina', 1998, 20, 1610612744, 2393887),
(1717, 1610612742, 'Dirk', 'Nowitzki', 41, 'F', 2.13, 111.1, '1978-06-19', 'Germany', 1998, 9, 'Wurzburg, Germany', 1998, 20, 1610612749, 5000000),
(2037, 1610612756, 'Jamal', 'Crawford', 11, 'G', 1.96, 83.9, '1980-03-20', 'USA', 2000, 8, 'Michigan', 2000, 18, 1610612739, 4698113),
(2199, 1610612747, 'Tyson', 'Chandler', 5, 'C', 2.16, 108.9, '1982-10-02', 'USA', 2001, 2, 'Dominquez H.S', 2001, 17, 1610612746, 13585000),
(2200, 1610612749, 'Pau', 'Gasol', 17, 'C-F', 2.13, 113.4, '1980-07-06', 'Spain', 2001, 3, 'Barcelona, Spain', 2001, 17, 1610612737, 17133285),
(2225, 1610612766, 'Tony', 'Parker', 9, 'G', 1.88, 83.9, '1982-05-17', 'France', 2001, 28, 'Paris, France', 2001, 17, 1610612759, 5000000),
(2403, 1610612745, 'Nene', '', 42, 'C-F', 2.11, 113.4, '1982-09-13', 'Brazil', 2002, 7, 'Sao Carlos, Brazil', 2002, 16, 1610612752, 284020),
(2544, 1610612747, 'LeBron', 'James', 23, 'F', 2.03, 113.4, '1984-12-30', 'USA', 2003, 1, 'St. Vincent-St. Mary HS (OH)', 2003, 15, 1610612739, 35654150),
(2548, 1610612748, 'Dwyane', 'Wade', 3, 'G', 1.93, 99.8, '1982-01-17', 'USA', 2003, 5, 'Marquette', 2003, 15, 1610612748, 2393887),
(2585, 1610612765, 'Zaza', 'Pachulia', 27, 'C', 2.11, 122.5, '1984-02-10', 'Georgia', 2003, 42, 'Tbilisi, Georgia', 2003, 15, 1610612753, 2393887),
(2594, 1610612762, 'Kyle', 'Korver', 26, 'G-F', 2.01, 96.2, '1981-03-17', 'USA', 2003, 51, 'Creighton', 2003, 15, 1610612751, 7560000),
(2617, 1610612748, 'Udonis', 'Haslem', 40, 'F', 2.03, 106.6, '1980-06-09', 'USA', -1, -1, 'Florida', 2003, 15, NULL, 2393887),
(2730, 1610612764, 'Dwight', 'Howard', 21, 'C', 2.11, 120.2, '1985-12-08', 'USA', 2004, 1, 'SW Atlanta Christian Academy (GA)', 2004, 14, 1610612753, 24256725),
(2733, 1610612744, 'Shaun', 'Livingston', 34, 'G', 2.01, 87.1, '1985-09-11', 'USA', 2004, 4, 'Peoria Central HS (IL)', 2004, 13, 1610612746, 8307692),
(2734, 1610612742, 'Devin', 'Harris', 34, 'G', 1.9, 83.9, '1983-02-27', 'USA', 2004, 5, 'Wisconsin', 2004, 14, 1610612764, 2393887),
(2736, 1610612750, 'Luol', 'Deng', 9, 'F', 2.06, 107.5, '1985-04-16', 'United Kingdom', 2004, 7, 'Duke', 2004, 14, 1610612756, 16747954),
(2738, 1610612744, 'Andre', 'Iguodala', 9, 'G-F', 1.98, 97.5, '1984-01-28', 'USA', 2004, 9, 'Arizona', 2004, 14, 1610612755, 16000000),
(2747, 1610612739, 'JR', 'Smith', 5, 'G-F', 1.98, 102.1, '1985-09-09', 'USA', 2004, 18, 'St. Benedict\'s Prep (NJ)', 2004, 14, 1610612740, 5331729),
(2772, 1610612764, 'Trevor', 'Ariza', 1, 'F', 2.03, 97.5, '1985-06-30', 'USA', 2004, 43, 'UCLA', 2004, 14, 1610612752, 15000000),
(101106, 1610612744, 'Andrew', 'Bogut', 12, 'C', 2.13, 117.9, '1984-11-28', 'Australia', 2005, 1, 'Utah', 2005, 13, 1610612749, 486892),
(101107, 1610612766, 'Marvin', 'Williams', 2, 'F', 2.06, 107.5, '1986-06-19', 'USA', 2005, 2, 'North Carolina', 2005, 13, 1610612737, 14087500),
(101108, 1610612745, 'Chris', 'Paul', 3, 'G', 1.83, 79.4, '1985-05-06', 'USA', 2005, 4, 'Wake Forest', 2005, 13, 1610612740, 35654150),
(101109, 1610612760, 'Raymond', 'Felton', 2, 'G', 1.85, 93, '1984-06-26', 'USA', 2005, 5, 'North Carolina', 2005, 13, 1610612766, 2393887),
(101112, 1610612739, 'Channing', 'Frye', 9, 'F-C', 2.13, 115.7, '1983-05-17', 'USA', 2005, 8, 'Arizona', 2005, 12, 1610612752, 2393887),
(101123, 1610612745, 'Gerald', 'Green', 14, 'G-F', 2.01, 93, '1986-01-26', 'USA', 2005, 18, 'Gulf Shores Aca. (TX)', 2005, 11, 1610612738, 1512601),
(101133, 1610612764, 'Ian', 'Mahinmi', 28, 'C', 2.11, 118.8, '1986-11-05', 'France', 2005, 28, 'Rouen, France', 2007, 10, 1610612759, 16000000),
(101139, 1610612763, 'CJ', 'Miles', 6, 'F-G', 1.98, 99.8, '1987-03-18', 'USA', 2005, 34, 'Skyline HS (TX)', 2005, 13, 1610612762, 8333333),
(101141, 1610612749, 'Ersan', 'Ilyasova', 77, 'F', 2.08, 106.6, '1987-05-15', 'Turkey', 2005, 36, 'Eskisehir, Turkey', 2006, 10, 1610612749, 7000000),
(101150, 1610612746, 'Lou', 'Williams', 23, 'G', 1.85, 79.4, '1986-10-27', 'USA', 2005, 45, 'South Gwinnett HS (GA)', 2005, 13, 1610612755, 8000000),
(101161, 1610612755, 'Amir', 'Johnson', 5, 'C-F', 2.06, 108.9, '1987-05-01', 'USA', 2005, 56, 'Westchester HS (Los Angeles)', 2005, 13, 1610612765, 838464),
(101181, 1610612765, 'Jose', 'Calderon', 81, 'G', 1.9, 90.7, '1981-09-28', 'Spain', -1, -1, 'Villanueva de la Serena, Spain', 2005, 13, NULL, 2393887),
(200746, 1610612759, 'LaMarcus', 'Aldridge', 12, 'C-F', 2.11, 117.9, '1985-07-19', 'USA', 2006, 2, 'Texas', 2006, 12, 1610612741, 22347015),
(200752, 1610612759, 'Rudy', 'Gay', 22, 'F', 2.03, 104.3, '1986-08-17', 'USA', 2006, 8, 'Connecticut', 2006, 12, 1610612745, 10087200),
(200755, 1610612755, 'JJ', 'Redick', 17, 'G', 1.93, 90.7, '1984-06-24', 'USA', 2006, 11, 'Duke', 2006, 12, 1610612753, 12250000),
(200757, 1610612762, 'Thabo', 'Sefolosha', 22, 'F', 2.01, 99.8, '1984-05-02', 'Switzerland', 2006, 13, 'Vevey, Switzerland', 2006, 12, 1610612755, 5250000),
(200765, 1610612747, 'Rajon', 'Rondo', 9, 'G', 1.85, 84.4, '1986-02-22', 'USA', 2006, 21, 'Kentucky', 2006, 12, 1610612756, 9000000),
(200768, 1610612761, 'Kyle', 'Lowry', 7, 'G', 1.85, 88.9, '1986-03-25', 'USA', 2006, 24, 'Villanova', 2006, 12, 1610612763, 31200000),
(200782, 1610612745, 'PJ', 'Tucker', 17, 'F', 1.98, 111.1, '1985-05-05', 'USA', 2006, 35, 'Texas', 2006, 7, 1610612761, 7959537),
(200794, 1610612743, 'Paul', 'Millsap', 4, 'F', 2.03, 111.6, '1985-02-10', 'USA', 2006, 47, 'Louisiana Tech', 2006, 12, 1610612762, 11571429),
(200826, 1610612742, 'J.J.', 'Barea', 5, 'G', 1.83, 83.9, '1984-06-26', 'Puerto Rico', -1, -1, 'Northeastern', 2006, 12, NULL, 3710850),
(201142, 1610612744, 'Kevin', 'Durant', 35, 'F', 2.06, 108.9, '1988-09-29', 'USA', 2007, 2, 'Texas', 2007, 11, 1610612760, 30000000),
(201143, 1610612738, 'Al', 'Horford', 42, 'C-F', 2.08, 111.1, '1986-06-03', 'Dominican Republic', 2007, 3, 'Florida', 2007, 11, 1610612737, 28928710),
(201144, 1610612763, 'Mike', 'Conley', 11, 'G', 1.85, 79.4, '1987-10-11', 'USA', 2007, 4, 'Ohio State', 2007, 11, 1610612763, 30521115),
(201145, 1610612764, 'Jeff', 'Green', 32, 'F', 2.06, 106.6, '1986-08-28', 'USA', 2007, 5, 'Georgetown', 2007, 10, 1610612738, 2393887),
(201147, 1610612758, 'Corey', 'Brewer', 33, 'G-F', 2.06, 84.4, '1986-03-05', 'USA', 2007, 7, 'Florida', 2007, 11, 1610612750, 2559925),
(201149, 1610612763, 'Joakim', 'Noah', 55, 'C', 2.11, 104.3, '1985-02-25', 'USA', 2007, 9, 'Florida', 2007, 11, 1610612741, 20261172),
(201152, 1610612754, 'Thaddeus', 'Young', 21, 'F', 2.03, 100.2, '1988-06-21', 'USA', 2007, 12, 'Georgia Tech', 2007, 11, 1610612755, 5363280),
(201158, 1610612759, 'Marco', 'Belinelli', 18, 'G-F', 1.96, 95.3, '1986-03-25', 'Italy', 2007, 18, 'Bologna, Italy', 2007, 11, 1610612744, 6153846),
(201160, 1610612740, 'Jason', 'Smith', 14, 'F-C', 2.13, 108.9, '1986-03-02', 'USA', 2007, 20, 'Colorado State', 2007, 10, 1610612748, 5331729),
(201162, 1610612751, 'Jared', 'Dudley', 6, 'F', 2.01, 107.5, '1985-07-10', 'USA', 2007, 22, 'Boston College', 2007, 11, 1610612766, 9530000),
(201163, 1610612746, 'Wilson', 'Chandler', 22, 'F', 2.06, 102.1, '1987-05-10', 'USA', 2007, 23, 'DePaul', 2007, 10, 1610612752, 12800562),
(201188, 1610612761, 'Marc', 'Gasol', 33, 'C', 2.16, 115.7, '1985-01-29', 'Spain', 2007, 48, 'Barcelona, Spain', 2008, 10, 1610612747, 24119025),
(201229, 1610612750, 'Anthony', 'Tolliver', 43, 'F', 2.03, 113.4, '1985-06-01', 'USA', -1, -1, 'Creighton', 2008, 10, NULL, 5750000),
(201565, 1610612750, 'Derrick', 'Rose', 25, 'G', 1.9, 90.7, '1988-10-04', 'USA', 2008, 1, 'Memphis', 2008, 9, 1610612741, 2176260),
(201566, 1610612760, 'Russell', 'Westbrook', 0, 'G', 1.9, 90.7, '1988-11-12', 'USA', 2008, 4, 'UCLA', 2008, 10, 1610612760, 35665000),
(201567, 1610612739, 'Kevin', 'Love', 0, 'F-C', 2.08, 113.9, '1988-09-07', 'USA', 2008, 5, 'UCLA', 2008, 10, 1610612763, 24119025),
(201568, 1610612746, 'Danilo', 'Gallinari', 8, 'F', 2.08, 102.1, '1988-08-08', 'Italy', 2008, 6, 'Sant\'Angelo Lodigiano, Italy', 2008, 9, 1610612752, 21587579),
(201569, 1610612745, 'Eric', 'Gordon', 10, 'G', 1.93, 97.5, '1988-12-25', 'USA', 2008, 7, 'Indiana', 2008, 10, 1610612746, 13500375),
(201571, 1610612753, 'D.J.', 'Augustin', 14, 'G', 1.83, 83, '1987-11-10', 'USA', 2008, 9, 'Texas', 2008, 10, 1610612766, 7250000),
(201572, 1610612749, 'Brook', 'Lopez', 11, 'C', 2.13, 122.5, '1988-04-01', 'USA', 2008, 10, 'Stanford', 2008, 10, 1610612751, 3382000),
(201573, 1610612750, 'Jerryd', 'Bayless', 8, 'G', 1.9, 90.7, '1988-08-20', 'USA', 2008, 11, 'Arizona', 2008, 10, 1610612754, 8575916),
(201577, 1610612741, 'Robin', 'Lopez', 42, 'C', 2.13, 124.7, '1988-04-01', 'USA', 2008, 15, 'Stanford', 2008, 10, 1610612756, 14357750),
(201580, 1610612747, 'JaVale', 'McGee', 7, 'C', 2.13, 122.5, '1988-01-19', 'USA', 2008, 18, 'Nevada', 2008, 10, 1610612764, 2393887),
(201583, 1610612748, 'Ryan', 'Anderson', 31, 'F', 2.08, 108.9, '1988-05-06', 'USA', 2008, 21, 'California', 2008, 10, 1610612751, 20421546),
(201584, 1610612742, 'Courtney', 'Lee', 1, 'G', 1.96, 97.5, '1985-10-03', 'USA', 2008, 22, 'Western Kentucky', 2008, 10, 1610612753, 12253780),
(201585, 1610612758, 'Kosta', 'Koufos', 41, 'C', 2.13, 111.1, '1989-02-24', 'USA', 2008, 23, 'Ohio State', 2008, 10, 1610612762, 8739500),
(201586, 1610612761, 'Serge', 'Ibaka', 9, 'C-F', 2.08, 106.6, '1989-09-18', 'Democratic Republic of the Congo', 2008, 24, 'Brazzaville, Rep. of Congo', 2009, 9, 1610612760, 21666667),
(201587, 1610612766, 'Nicolas', 'Batum', 5, 'F-G', 2.03, 90.7, '1988-12-14', 'France', 2008, 25, 'Lisieux, France', 2008, 10, 1610612745, 3651480),
(201588, 1610612749, 'George', 'Hill', 3, 'G', 1.9, 85.3, '1986-05-04', 'USA', 2008, 26, 'Indiana Purdue-Indianapolis', 2008, 10, 1610612759, 19000000),
(201599, 1610612752, 'DeAndre', 'Jordan', 6, 'C', 2.11, 120.2, '1988-07-21', 'USA', 2008, 35, 'Texas A&M', 2008, 10, 1610612746, 22897200),
(201601, 1610612746, 'Luc', 'Mbah a Moute', 12, 'F', 2.03, 104.3, '1986-09-09', 'Cameroon', 2008, 37, 'UCLA', 2008, 10, 1610612749, 4320500),
(201609, 1610612748, 'Goran', 'Dragic', 7, 'G', 1.9, 86.2, '1986-05-06', 'Slovenia', 2008, 45, 'Ljubljana, Slovenia', 2008, 10, 1610612759, 18109175),
(201933, 1610612765, 'Blake', 'Griffin', 23, 'F', 2.08, 113.4, '1989-03-16', 'USA', 2009, 1, 'Oklahoma', 2010, 8, 1610612746, 31873932),
(201935, 1610612745, 'James', 'Harden', 13, 'G', 1.96, 99.8, '1989-08-26', 'USA', 2009, 3, 'Arizona State', 2009, 9, 1610612760, 30570000),
(201936, 1610612754, 'Tyreke', 'Evans', 12, 'G', 1.98, 99.8, '1989-09-19', 'USA', 2009, 4, 'Memphis', 2009, 9, 1610612758, 12400000),
(201937, 1610612762, 'Ricky', 'Rubio', 3, 'G', 1.93, 86.2, '1990-10-21', 'Spain', 2009, 5, 'El Masnou, Spain', 2011, 7, 1610612750, 14800000),
(201939, 1610612744, 'Stephen', 'Curry', 30, 'G', 1.9, 86.2, '1988-03-14', 'USA', 2009, 7, 'Davidson', 2009, 9, 1610612744, 37457154),
(201942, 1610612759, 'DeMar', 'DeRozan', 10, 'G', 2.01, 99.8, '1989-08-07', 'USA', 2009, 9, 'Southern California', 2009, 9, 1610612761, 27739975),
(201949, 1610612748, 'James', 'Johnson', 16, 'F', 2.03, 108.9, '1987-02-20', 'USA', 2009, 16, 'Wake Forest', 2009, 9, 1610612741, 14420700),
(201950, 1610612740, 'Jrue', 'Holiday', 11, 'G', 1.93, 93, '1990-06-12', 'USA', 2009, 17, 'UCLA', 2009, 9, 1610612755, 26641111),
(201952, 1610612750, 'Jeff', 'Teague', 0, 'G', 1.88, 88.5, '1988-06-10', 'USA', 2009, 19, 'Wake Forest', 2009, 9, 1610612737, 19000000),
(201954, 1610612754, 'Darren', 'Collison', 2, 'G', 1.83, 79.4, '1987-08-23', 'USA', 2009, 21, 'UCLA', 2009, 9, 1610612740, 10000000),
(201959, 1610612750, 'Taj', 'Gibson', 67, 'F', 2.06, 105.2, '1985-06-24', 'USA', 2009, 26, 'Southern California', 2009, 9, 1610612741, 14000000),
(201960, 1610612751, 'DeMarre', 'Carroll', 9, 'F', 2.03, 97.5, '1986-07-27', 'USA', 2009, 27, 'Missouri', 2009, 9, 1610612763, 15400000),
(201961, 1610612765, 'Wayne', 'Ellington', 20, 'G', 1.96, 90.7, '1987-11-29', 'USA', 2009, 28, 'North Carolina', 2009, 9, 1610612750, 8653076),
(201967, 1610612759, 'Dante', 'Cunningham', 33, 'F', 2.03, 104.3, '1987-04-22', 'USA', 2009, 33, 'Villanova', 2009, 9, 1610612757, 2487000),
(201973, 1610612744, 'Jonas', 'Jerebko', 21, 'F', 2.08, 104.8, '1987-03-02', 'Sweden', 2009, 39, 'Kinna, Sweden', 2009, 8, 1610612765, 2165481),
(201975, 1610612761, 'Jodie', 'Meeks', 20, 'G', 1.93, 95.3, '1987-08-21', 'USA', 2009, 41, 'Kentucky', 2009, 9, 1610612749, 3774176),
(201976, 1610612746, 'Patrick', 'Beverley', 21, 'G', 1.85, 83.9, '1988-07-12', 'USA', 2009, 42, 'Arkansas', 2012, 6, 1610612747, 5027028),
(201980, 1610612761, 'Danny', 'Green', 14, 'G-F', 1.98, 97.5, '1987-06-22', 'USA', 2009, 46, 'North Carolina', 2009, 9, 1610612739, 10000000),
(201988, 1610612759, 'Patty', 'Mills', 8, 'G', 1.83, 81.6, '1988-08-11', 'Australia', 2009, 55, 'Saint Mary\'s (CA)', 2009, 9, 1610612757, 11571429),
(202066, 1610612746, 'Garrett', 'Temple', 17, 'G-F', 1.98, 88.5, '1986-05-08', 'USA', -1, -1, 'Louisiana State', 2009, 8, NULL, 8000000),
(202083, 1610612754, 'Wesley', 'Matthews', 23, 'G-F', 1.96, 99.8, '1986-10-14', 'USA', -1, -1, 'Marquette', 2009, 9, NULL, 19360228),
(202322, 1610612764, 'John', 'Wall', 2, 'G', 1.93, 95.3, '1990-09-06', 'USA', 2010, 1, 'Kentucky', 2010, 8, 1610612764, 19169800),
(202323, 1610612757, 'Evan', 'Turner', 1, 'G-F', 2.01, 99.8, '1988-10-27', 'USA', 2010, 2, 'Ohio State', 2010, 8, 1610612755, 17868853),
(202324, 1610612762, 'Derrick', 'Favors', 15, 'F-C', 2.08, 120.2, '1991-07-15', 'USA', 2010, 3, 'Georgia Tech', 2010, 8, 1610612751, 16900000),
(202325, 1610612764, 'Wesley', 'Johnson', 4, 'F-G', 2.01, 97.5, '1987-07-11', 'USA', 2010, 4, 'Syracuse', 2010, 8, 1610612750, 6134000),
(202326, 1610612744, 'DeMarcus', 'Cousins', 0, 'C', 2.11, 122.5, '1990-08-13', 'USA', 2010, 5, 'Kentucky', 2010, 8, 1610612758, 5337000),
(202327, 1610612762, 'Ekpe', 'Udoh', 33, 'C-F', 2.08, 111.1, '1987-05-20', 'USA', 2010, 6, 'Baylor', 2010, 6, 1610612744, 3360000),
(202328, 1610612738, 'Greg', 'Monroe', 55, 'C', 2.11, 120.2, '1990-06-04', 'USA', 2010, 7, 'Georgetown', 2010, 8, 1610612765, 2410167),
(202329, 1610612757, 'Al-Farouq', 'Aminu', 8, 'F', 2.06, 99.8, '1990-09-21', 'USA', 2010, 8, 'Wake Forest', 2010, 8, 1610612746, 6957105),
(202330, 1610612738, 'Gordon', 'Hayward', 20, 'F', 2.03, 102.1, '1990-03-23', 'USA', 2010, 9, 'Butler', 2010, 8, 1610612762, 31214295),
(202331, 1610612760, 'Paul', 'George', 13, 'F', 2.06, 99.8, '1990-05-02', 'USA', 2010, 10, 'Fresno State', 2010, 8, 1610612754, 30560700),
(202334, 1610612751, 'Ed', 'Davis', 17, 'C', 2.08, 102.1, '1989-06-05', 'USA', 2010, 13, 'North Carolina', 2010, 8, 1610612761, 4449000),
(202335, 1610612760, 'Patrick', 'Patterson', 54, 'F', 2.06, 104.3, '1989-03-14', 'USA', 2010, 14, 'Kentucky', 2010, 8, 1610612745, 5451600),
(202339, 1610612749, 'Eric', 'Bledsoe', 6, 'G', 1.85, 93, '1989-12-09', 'USA', 2010, 18, 'Kentucky', 2010, 8, 1610612760, 15000000),
(202340, 1610612763, 'Avery', 'Bradley', 0, 'G', 1.88, 81.6, '1990-11-26', 'USA', 2010, 19, 'Texas', 2010, 8, 1610612738, 12000000),
(202347, 1610612759, 'Quincy', 'Pondexter', 3, 'F', 2.01, 104.3, '1988-03-10', 'USA', 2010, 26, 'Washington', 2010, 6, 1610612760, 2165481),
(202355, 1610612748, 'Hassan', 'Whiteside', 21, 'C', 2.13, 120.2, '1989-06-13', 'USA', 2010, 33, 'Marshall', 2010, 6, 1610612758, 24434262),
(202357, 1610612758, 'Nemanja', 'Bjelica', 88, 'F', 2.08, 106.1, '1988-05-09', 'Serbia', 2010, 35, '', 2015, 3, 1610612764, 3651480),
(202362, 1610612747, 'Lance', 'Stephenson', 6, 'G', 1.98, 104.3, '1990-09-05', 'USA', 2010, 40, 'Cincinnati', 2010, 8, 1610612754, 4449000),
(202389, 1610612753, 'Timofey', 'Mozgov', 21, 'C', 2.16, 124.7, '1986-07-16', 'Russia', -1, -1, 'St. Petersburg, Russia', 2010, 8, NULL, 16000000),
(202391, 1610612761, 'Jeremy', 'Lin', 17, 'G', 1.9, 90.7, '1988-08-23', 'USA', -1, -1, 'Harvard', 2010, 8, NULL, 12516746),
(202397, 1610612765, 'Ish', 'Smith', 14, 'G', 1.83, 79.4, '1988-07-05', 'USA', -1, -1, 'Wake Forest', 2010, 8, NULL, 6000000),
(202498, 1610612752, 'Lance', 'Thomas', 42, 'F', 2.03, 108.9, '1988-04-24', 'USA', -1, -1, 'Duke', 2011, 7, NULL, 7119650),
(202681, 1610612738, 'Kyrie', 'Irving', 11, 'G', 1.9, 87.5, '1992-03-23', 'Australia', 2011, 1, 'Duke', 2011, 7, 1610612739, 20099189),
(202683, 1610612757, 'Enes', 'Kanter', 0, 'C', 2.11, 113.4, '1992-05-20', 'Turkey', 2011, 3, 'Kentucky', 2011, 7, 1610612762, 19264603),
(202684, 1610612739, 'Tristan', 'Thompson', 13, 'C-F', 2.08, 108, '1991-03-13', 'Canada', 2011, 4, 'Texas', 2011, 7, 1610612739, 17469565),
(202685, 1610612763, 'Jonas', 'Valanciunas', 17, 'C', 2.13, 120.2, '1992-05-06', 'Lithuania', 2011, 5, 'Utena, Lithuania', 2012, 6, 1610612761, 16539326),
(202687, 1610612766, 'Bismack', 'Biyombo', 8, 'C', 2.06, 115.7, '1992-08-28', 'Democratic Republic of the Congo', 2011, 7, 'Lubumbashi, DR Congo', 2011, 7, 1610612758, 17000000),
(202688, 1610612739, 'Brandon', 'Knight', 20, 'G', 1.9, 88.5, '1991-12-02', 'USA', 2011, 8, 'Kentucky', 2011, 6, 1610612765, 14631250),
(202689, 1610612766, 'Kemba', 'Walker', 15, 'G', 1.85, 83.5, '1990-05-08', 'USA', 2011, 9, 'Connecticut', 2011, 7, 1610612766, 12000000),
(202690, 1610612756, 'Jimmer', 'Fredette', 32, 'G', 1.88, 88.5, '1989-02-25', 'USA', 2011, 10, 'Brigham Young', 2011, 5, 1610612749, 198579),
(202691, 1610612744, 'Klay', 'Thompson', 11, 'G', 2.01, 97.5, '1990-02-08', 'USA', 2011, 11, 'Washington State', 2011, 7, 1610612744, 18988725),
(202692, 1610612758, 'Alec', 'Burks', 13, 'G', 1.98, 97.1, '1991-07-20', 'USA', 2011, 12, 'Colorado', 2011, 7, 1610612762, 11536515),
(202693, 1610612760, 'Markieff', 'Morris', 5, 'F', 2.08, 111.1, '1989-09-02', 'USA', 2011, 13, 'Kansas', 2011, 7, 1610612756, 9173294),
(202694, 1610612738, 'Marcus', 'Morris', 13, 'F', 2.06, 106.6, '1989-09-02', 'USA', 2011, 14, 'Kansas', 2011, 7, 1610612745, 1349383),
(202695, 1610612761, 'Kawhi', 'Leonard', 2, 'F', 2.01, 104.3, '1991-06-29', 'USA', 2011, 15, 'San Diego State', 2011, 7, 1610612754, 23114066),
(202696, 1610612753, 'Nikola', 'Vucevic', 9, 'C', 2.13, 117.9, '1990-10-24', 'Montenegro', 2011, 16, 'Southern California', 2011, 7, 1610612755, 3651480),
(202697, 1610612745, 'Iman', 'Shumpert', 1, 'G', 1.96, 97.5, '1990-06-26', 'USA', 2011, 17, 'Georgia Tech', 2011, 7, 1610612752, 11011234),
(202699, 1610612755, 'Tobias', 'Harris', 33, 'F', 2.06, 106.6, '1992-07-15', 'USA', 2011, 19, 'Tennessee', 2011, 7, 1610612766, 14800000),
(202702, 1610612745, 'Kenneth', 'Faried', 35, 'F-C', 2.03, 99.8, '1989-11-19', 'USA', 2011, 22, 'Morehead State', 2011, 7, 1610612743, 13314045),
(202703, 1610612749, 'Nikola', 'Mirotic', 41, 'F', 2.08, 113.4, '1991-02-11', 'Montenegro', 2011, 23, '', 2014, 4, 1610612745, 3651480),
(202704, 1610612765, 'Reggie', 'Jackson', 1, 'G', 1.9, 94.3, '1990-04-16', 'USA', 2011, 24, 'Boston College', 2011, 7, 1610612760, 17043478),
(202709, 1610612754, 'Cory', 'Joseph', 6, 'G', 1.9, 87.5, '1991-08-20', 'Canada', 2011, 29, 'Texas', 2011, 7, 1610612759, 7945000),
(202710, 1610612755, 'Jimmy', 'Butler', 23, 'G-F', 2.03, 105.2, '1989-09-14', 'USA', 2011, 30, 'Marquette', 2011, 7, 1610612741, 19841627),
(202711, 1610612754, 'Bojan', 'Bogdanovic', 44, 'F', 2.03, 98, '1989-04-18', 'Croatia', 2011, 31, '', 2014, 4, 1610612748, 9000000),
(202714, 1610612766, 'Shelvin', 'Mack', 6, 'G', 1.9, 92.1, '1990-04-22', 'USA', 2011, 34, 'Butler', 2011, 7, 1610612764, 2512601),
(202718, 1610612763, 'Chandler', 'Parsons', 25, 'F', 2.08, 104.3, '1988-10-25', 'USA', 2011, 38, 'Florida', 2011, 7, 1610612745, 24107258),
(202720, 1610612765, 'Jon', 'Leuer', 30, 'F', 2.08, 103.4, '1989-05-14', 'USA', 2011, 40, 'Wisconsin', 2011, 7, 1610612749, 10002681),
(202722, 1610612759, 'Davis', 'Bertans', 42, 'F', 2.08, 102.1, '1992-11-12', 'Latvia', 2011, 42, '', 2016, 2, 1610612754, 7000000),
(202734, 1610612740, 'E\'Twaun', 'Moore', 55, 'G', 1.93, 86.6, '1989-02-25', 'USA', 2011, 55, 'Purdue', 2011, 7, 1610612738, 8808685),
(202738, 1610612743, 'Isaiah', 'Thomas', 0, 'G', 1.75, 83.9, '1989-02-07', 'USA', 2011, 60, 'Washington', 2011, 7, 1610612758, 2029463),
(202954, 1610612738, 'Brad', 'Wanamaker', 9, 'G', 1.93, 95.3, '1989-07-25', 'USA', -1, -1, 'Pittsburgh', 2018, 0, NULL, 838464),
(203076, 1610612740, 'Anthony', 'Davis', 23, 'F-C', 2.08, 114.8, '1993-03-11', 'USA', 2012, 1, 'Kentucky', 2012, 6, 1610612740, 25434263),
(203077, 1610612766, 'Michael', 'Kidd-Gilchrist', 14, 'F', 2.01, 105.2, '1993-09-26', 'USA', 2012, 2, 'Kentucky', 2012, 6, 1610612766, 13000000),
(203078, 1610612764, 'Bradley', 'Beal', 3, 'G', 1.96, 93.9, '1993-06-28', 'USA', 2012, 3, 'Florida', 2012, 6, 1610612764, 25434262),
(203079, 1610612748, 'Dion', 'Waiters', 11, 'G', 1.93, 97.5, '1991-12-10', 'USA', 2012, 4, 'Syracuse', 2012, 6, 1610612739, 12705000),
(203081, 1610612757, 'Damian', 'Lillard', 0, 'G', 1.9, 88.5, '1990-07-15', 'USA', 2012, 6, 'Weber State', 2012, 6, 1610612757, 27977689),
(203082, 1610612753, 'Terrence', 'Ross', 31, 'G-F', 2.01, 93.4, '1991-02-05', 'USA', 2012, 8, 'Washington', 2012, 6, 1610612761, 10500000),
(203083, 1610612765, 'Andre', 'Drummond', 0, 'C', 2.11, 126.6, '1993-08-10', 'USA', 2012, 9, 'Connecticut', 2012, 6, 1610612765, 25434262),
(203084, 1610612758, 'Harrison', 'Barnes', 40, 'F', 2.03, 102.1, '1992-05-30', 'USA', 2012, 7, 'North Carolina', 2012, 6, 1610612744, 24107258),
(203085, 1610612745, 'Austin', 'Rivers', 25, 'G', 1.93, 90.7, '1992-08-01', 'USA', 2012, 10, 'Duke', 2012, 6, 1610612740, 13155324),
(203086, 1610612757, 'Meyers', 'Leonard', 11, 'F-C', 2.16, 115.7, '1992-02-27', 'USA', 2012, 11, 'Illinois', 2012, 6, 1610612757, 10595506),
(203087, 1610612766, 'Jeremy', 'Lamb', 3, 'G', 1.96, 83.9, '1992-05-30', 'USA', 2012, 12, 'Connecticut', 2012, 6, 1610612745, 7000000),
(203089, 1610612739, 'John', 'Henson', 31, 'F', 2.11, 99.3, '1990-12-28', 'USA', 2012, 14, 'North Carolina', 2012, 6, 1610612749, 10577466),
(203090, 1610612757, 'Maurice', 'Harkless', 4, 'F', 2.06, 99.8, '1993-05-11', 'USA', 2012, 15, 'St. John\'s (NY)', 2012, 6, 1610612755, 10837079),
(203092, 1610612737, 'Tyler', 'Zeller', 45, 'C', 2.13, 117.5, '1990-01-17', 'USA', 2012, 17, 'North Carolina', 2012, 6, 1610612742, 213948),
(203093, 1610612745, 'Terrence', 'Jones', 9, 'F', 2.06, 114.3, '1992-01-09', 'USA', 2012, 18, 'Kentucky', 2012, 5, 1610612745, 198579),
(203095, 1610612753, 'Evan', 'Fournier', 10, 'G-F', 2.01, 93, '1992-10-29', 'France', 2012, 20, 'France', 2012, 6, 1610612743, 17000000),
(203098, 1610612752, 'John', 'Jenkins', 30, 'G', 1.93, 97.5, '1991-03-06', 'USA', 2012, 23, 'Vanderbilt', 2012, 5, 1610612737, 585809),
(203101, 1610612737, 'Miles', 'Plumlee', 18, 'C', 2.11, 112.9, '1988-09-01', 'USA', 2012, 26, 'Duke', 2012, 6, 1610612754, 12400000),
(203107, 1610612764, 'Tomas', 'Satoransky', 31, 'G-F', 2.01, 95.3, '1991-10-30', 'Czech Republic', 2012, 32, '', 2016, 2, 1610612764, 3129187),
(203109, 1610612762, 'Jae', 'Crowder', 99, 'F', 1.98, 106.6, '1990-07-06', 'USA', 2012, 34, 'Marquette', 2012, 6, 1610612739, 7305825),
(203110, 1610612744, 'Draymond', 'Green', 23, 'F', 2.01, 104.3, '1990-03-04', 'USA', 2012, 35, 'Michigan State', 2012, 6, 1610612744, 10000000),
(203114, 1610612749, 'Khris', 'Middleton', 22, 'F', 2.03, 100.7, '1991-08-12', 'USA', 2012, 39, 'Texas A&M', 2012, 6, 1610612765, 13000000),
(203115, 1610612743, 'Will', 'Barton', 5, 'G', 1.98, 86.2, '1991-01-06', 'USA', 2012, 40, 'Memphis', 2012, 6, 1610612757, 11830358),
(203118, 1610612755, 'Mike', 'Scott', 1, 'F', 2.03, 107.5, '1988-07-16', 'USA', 2012, 43, 'Virginia', 2012, 6, 1610612737, 4320500),
(203121, 1610612740, 'Darius', 'Miller', 21, 'F', 2.03, 102.1, '1990-03-21', 'USA', 2012, 46, 'Kentucky', 2012, 4, 1610612740, 2205000),
(203124, 1610612754, 'Kyle', 'O\'Quinn', 10, 'C', 2.08, 113.4, '1990-03-26', 'USA', 2012, 49, 'Norfolk State', 2012, 6, 1610612753, 0),
(203145, 1610612737, 'Kent', 'Bazemore', 24, 'G', 1.96, 91.2, '1989-07-01', 'USA', -1, -1, 'Old Dominion', 2012, 6, NULL, 18089888),
(203159, 1610612747, 'Scott', 'Machado', 10, 'G', 1.85, 93, '1990-06-08', 'USA', -1, -1, 'Iona', 2012, 1, NULL, 76236),
(203200, 1610612763, 'Justin', 'Holiday', 7, 'F-G', 1.98, 82.1, '1989-04-05', 'USA', -1, -1, 'Washington', 2012, 5, NULL, 4500000),
(203210, 1610612746, 'JaMychal', 'Green', 4, 'F', 2.06, 103, '1990-06-21', 'USA', -1, -1, 'Alabama', 2014, 4, NULL, 8066667),
(203382, 1610612738, 'Aron', 'Baynes', 46, 'C-F', 2.08, 117.9, '1986-12-09', 'Australia', -1, -1, 'Washington State', 2012, 6, NULL, 5193600),
(203457, 1610612760, 'Nerlens', 'Noel', 3, 'F-C', 2.11, 99.8, '1994-04-10', 'USA', 2013, 6, 'Kentucky', 2014, 4, 1610612740, 1757429),
(203458, 1610612737, 'Alex', 'Len', 25, 'C', 2.16, 113.4, '1993-06-16', 'Ukraine', 2013, 5, 'Maryland', 2013, 5, 1610612756, 4350000),
(203459, 1610612751, 'Allen', 'Crabbe', 33, 'G-F', 1.98, 96.2, '1992-04-09', 'USA', 2013, 31, 'California', 2013, 5, 1610612739, 19332500),
(203460, 1610612760, 'Andre', 'Roberson', 21, 'G-F', 2.01, 95.3, '1991-12-04', 'USA', 2013, 26, 'Colorado', 2013, 5, 1610612750, 10000000),
(203468, 1610612757, 'CJ', 'McCollum', 3, 'G', 1.9, 86.2, '1991-09-19', 'USA', 2013, 10, 'Lehigh', 2013, 5, 1610612757, 25759766),
(203469, 1610612766, 'Cody', 'Zeller', 40, 'C', 2.13, 108.9, '1992-10-05', 'USA', 2013, 4, 'Indiana', 2013, 5, 1610612766, 13528090),
(203471, 1610612760, 'Dennis', 'Schroder', 17, 'G', 1.85, 78, '1993-09-15', 'Germany', 2013, 17, 'Germany', 2013, 5, 1610612737, 0),
(203473, 1610612737, 'Dewayne', 'Dedmon', 14, 'C', 2.13, 111.1, '1989-08-12', 'USA', -1, -1, 'Southern California', 2013, 5, NULL, 6300000),
(203476, 1610612750, 'Gorgui', 'Dieng', 5, 'C', 2.11, 114.3, '1990-01-18', 'Senegal', 2013, 21, 'Louisville', 2013, 5, 1610612762, 15170787),
(203482, 1610612748, 'Kelly', 'Olynyk', 9, 'F', 2.13, 108.9, '1991-04-19', 'Canada', 2013, 13, 'Gonzaga', 2013, 5, 1610612742, 13537527),
(203484, 1610612747, 'Kentavious', 'Caldwell-Pope', 1, 'G', 1.96, 93, '1993-02-18', 'USA', 2013, 8, 'Georgia', 2013, 5, 1610612765, 12000000),
(203486, 1610612743, 'Mason', 'Plumlee', 24, 'F-C', 2.11, 106.6, '1990-03-05', 'USA', 2013, 22, 'Duke', 2013, 5, 1610612751, 12917808),
(203487, 1610612753, 'Michael', 'Carter-Williams', 7, 'G', 1.98, 86.2, '1991-10-10', 'USA', 2013, 11, 'Syracuse', 2013, 5, 1610612755, 1468082),
(203488, 1610612747, 'Mike', 'Muscala', 31, 'F-C', 2.11, 108.9, '1991-07-01', 'USA', 2013, 44, 'Bucknell', 2013, 5, 1610612742, 5000000),
(203490, 1610612741, 'Otto', 'Porter Jr.', 22, 'F', 2.03, 89.8, '1993-06-03', 'USA', 2013, 3, 'Georgetown', 2013, 5, 1610612764, 26011913),
(203493, 1610612747, 'Reggie', 'Bullock', 35, 'G-F', 2.01, 93, '1991-03-16', 'USA', 2013, 25, 'North Carolina', 2013, 5, 1610612746, 2500000),
(203496, 1610612750, 'Robert', 'Covington', 33, 'F', 2.06, 102.1, '1990-12-14', 'USA', -1, -1, 'Tennessee State', 2013, 5, NULL, 10464092),
(203497, 1610612762, 'Rudy', 'Gobert', 27, 'C', 2.16, 111.1, '1992-06-26', 'France', 2013, 27, 'France', 2013, 5, 1610612743, 22991573),
(203500, 1610612760, 'Steven', 'Adams', 12, 'C', 2.13, 120.2, '1993-07-20', 'New Zealand', 2013, 12, 'Pittsburgh', 2013, 5, 1610612760, 24157304),
(203501, 1610612742, 'Tim', 'Hardaway Jr.', 11, 'G', 1.98, 93, '1992-03-16', 'USA', 2013, 24, 'Michigan', 2013, 5, 1610612752, 17325000),
(203503, 1610612749, 'Tony', 'Snell', 21, 'G', 2.01, 96.6, '1991-11-10', 'USA', 2013, 20, 'New Mexico', 2013, 5, 1610612741, 10607143),
(203504, 1610612742, 'Trey', 'Burke', 23, 'G', 1.85, 79.4, '1992-11-12', 'USA', 2013, 9, 'Michigan', 2013, 5, 1610612750, 1795015),
(203506, 1610612754, 'Victor', 'Oladipo', 4, 'G', 1.93, 95.3, '1992-05-04', 'USA', 2013, 2, 'Indiana', 2013, 5, 1610612753, 21000000),
(203507, 1610612749, 'Giannis', 'Antetokounmpo', 34, 'F', 2.11, 109.8, '1994-12-06', 'Greece', 2013, 15, 'Greece', 2013, 5, 1610612749, 24157304),
(203516, 1610612755, 'James', 'Ennis III', 11, 'F', 2.01, 95.3, '1990-07-01', 'USA', 2013, 50, 'Long Beach State', 2014, 4, 1610612737, 1621415),
(203521, 1610612739, 'Matthew', 'Dellavedova', 18, 'G', 1.93, 90.7, '1990-09-08', 'Australia', -1, -1, 'Saint Mary\'s (CA)', 2013, 5, NULL, 9607500),
(203524, 1610612740, 'Solomon', 'Hill', 44, 'F', 2.01, 102.1, '1991-03-18', 'USA', 2013, 23, 'Arizona', 2013, 5, 1610612754, 12763467),
(203526, 1610612762, 'Raul', 'Neto', 25, 'G', 1.85, 81.2, '1992-05-19', 'Brazil', 2013, 47, '', 2015, 3, 1610612737, 2100000),
(203546, 1610612740, 'Ian', 'Clark', 2, 'G', 1.9, 79.4, '1991-03-07', 'USA', -1, -1, 'Belmont', 2013, 5, NULL, 1757429),
(203552, 1610612757, 'Seth', 'Curry', 31, 'G', 1.88, 83.9, '1990-08-23', 'USA', -1, -1, 'Duke', 2013, 4, NULL, 2795000),
(203564, 1610612765, 'Kalin', 'Lucas', 24, 'G', 1.85, 88.5, '1989-05-24', 'USA', -1, -1, 'Michigan State', 2014, 1, NULL, 648008),
(203584, 1610612756, 'Troy', 'Daniels', 30, 'G', 1.93, 93, '1991-07-15', 'USA', -1, -1, 'Virginia Commonwealth', 2013, 5, NULL, 3258539),
(203585, 1610612748, 'Rodney', 'McGruder', 17, 'F-G', 1.93, 90.7, '1991-07-29', 'USA', -1, -1, 'Kansas State', 2016, 2, NULL, 1544951),
(203613, 1610612755, 'Jonathon', 'Simmons', 14, 'F', 1.98, 88.5, '1989-09-14', 'USA', -1, -1, 'Houston', 2015, 3, NULL, 6000000),
(203710, 1610612750, 'C.J.', 'Williams', 12, 'G', 1.96, 102.5, '1990-02-06', 'USA', -1, -1, 'North Carolina State', 2017, 1, NULL, 77250),
(203816, 1610612760, 'Scotty', 'Hopson', 22, 'G-F', 2.01, 97.5, '1989-08-08', 'USA', -1, -1, 'Tennessee', 2013, 2, NULL, 76236),
(203894, 1610612751, 'Shabazz', 'Napier', 13, 'G', 1.85, 81.6, '1991-07-14', 'USA', 2014, 24, 'Connecticut', 2014, 4, 1610612766, 1942422),
(203895, 1610612764, 'Jordan', 'McRae', 52, 'G', 1.96, 81.2, '1991-03-28', 'USA', 2014, 58, 'Tennessee', 2015, 2, 1610612759, 77250),
(203897, 1610612741, 'Zach', 'LaVine', 8, 'G', 1.96, 90.7, '1995-03-10', 'USA', 2014, 13, 'UCLA', 2014, 4, 1610612750, 19500000),
(203901, 1610612740, 'Elfrid', 'Payton', 4, 'G', 1.93, 83.9, '1994-02-22', 'USA', 2014, 10, 'Louisiana-Lafayette', 2014, 4, 1610612755, 3000000),
(203903, 1610612739, 'Jordan', 'Clarkson', 8, 'G', 1.96, 88, '1992-06-07', 'USA', 2014, 46, 'Missouri', 2014, 4, 1610612764, 12500000),
(203914, 1610612743, 'Gary', 'Harris', 14, 'G', 1.93, 95.3, '1994-09-14', 'USA', 2014, 19, 'Michigan State', 2014, 4, 1610612741, 16517857),
(203915, 1610612751, 'Spencer', 'Dinwiddie', 8, 'G', 1.98, 95.3, '1993-04-06', 'USA', 2014, 38, 'Colorado', 2014, 4, 1610612765, 1656092),
(203917, 1610612739, 'Nik', 'Stauskas', 1, 'G', 1.98, 93, '1993-10-07', 'Canada', 2014, 8, 'Michigan', 2014, 4, 1610612758, 2161886),
(203918, 1610612757, 'Rodney', 'Hood', 5, 'G', 2.03, 93.4, '1992-10-20', 'USA', 2014, 23, 'Duke', 2014, 4, 1610612762, 3472887),
(203920, 1610612753, 'Khem', 'Birch', 24, 'C', 2.06, 105.7, '1992-09-28', 'Canada', -1, -1, 'Nevada-Las Vegas', 2017, 1, NULL, 1378242),
(203922, 1610612765, 'Glenn', 'Robinson III', 22, 'G-F', 1.98, 100.7, '1994-01-08', 'USA', 2014, 40, 'Michigan', 2014, 4, 1610612750, 4075000),
(203924, 1610612760, 'Jerami', 'Grant', 9, 'F', 2.06, 99.8, '1994-03-12', 'USA', 2014, 39, 'Syracuse', 2014, 4, 1610612755, 8333333),
(203925, 1610612751, 'Joe', 'Harris', 12, 'F-G', 1.98, 98.9, '1991-09-06', 'USA', 2014, 33, 'Virginia', 2014, 4, 1610612739, 8333333),
(203926, 1610612754, 'Doug', 'McDermott', 20, 'F', 2.03, 102.1, '1992-01-03', 'USA', 2014, 11, 'Creighton', 2014, 4, 1610612743, 7333334),
(203932, 1610612753, 'Aaron', 'Gordon', 0, 'F', 2.06, 99.8, '1995-09-16', 'USA', 2014, 4, 'Arizona', 2014, 4, 1610612753, 21590909),
(203933, 1610612756, 'T.J.', 'Warren', 12, 'F', 2.03, 97.5, '1993-09-05', 'USA', 2014, 14, 'North Carolina State', 2014, 4, 1610612756, 11750000),
(203935, 1610612738, 'Marcus', 'Smart', 36, 'G', 1.93, 99.8, '1994-03-06', 'USA', 2014, 6, 'Oklahoma State', 2014, 4, 1610612738, 11160716),
(203937, 1610612763, 'Kyle', 'Anderson', 1, 'F', 2.06, 104.3, '1993-09-20', 'USA', 2014, 30, 'UCLA', 2014, 4, 1610612759, 8641000),
(203939, 1610612742, 'Dwight', 'Powell', 7, 'F-C', 2.11, 108.9, '1991-07-20', 'Canada', 2014, 45, 'Stanford', 2014, 4, 1610612766, 9631250),
(203943, 1610612752, 'Noah', 'Vonleh', 32, 'F', 2.06, 113.4, '1995-08-24', 'USA', 2014, 9, 'Indiana', 2014, 4, 1610612766, 1621415),
(203944, 1610612740, 'Julius', 'Randle', 30, 'C-F', 2.06, 113.4, '1994-11-29', 'USA', 2014, 7, 'Kentucky', 2014, 4, 1610612747, 8641000),
(203952, 1610612750, 'Andrew', 'Wiggins', 22, 'F-G', 2.03, 88, '1995-02-23', 'Canada', 2014, 1, 'Kansas', 2014, 4, 1610612739, 25467250),
(203953, 1610612764, 'Jabari', 'Parker', 12, 'F', 2.03, 111.1, '1995-03-15', 'USA', 2014, 2, 'Duke', 2014, 4, 1610612749, 20000000),
(203954, 1610612755, 'Joel', 'Embiid', 21, 'F-C', 2.13, 113.4, '1994-03-16', 'Cameroon', 2014, 3, 'Kansas', 2016, 2, 1610612755, 25467250),
(203957, 1610612762, 'Dante', 'Exum', 11, 'G', 1.98, 86.2, '1995-07-13', 'Australia', 2014, 5, '', 2014, 3, 1610612762, 10600000),
(203961, 1610612761, 'Eric', 'Moreland', 15, 'F-C', 2.08, 108, '1991-12-24', 'USA', -1, -1, 'Oregon State', 2014, 3, NULL, 309859),
(203967, 1610612750, 'Dario', 'Saric', 36, 'F', 2.08, 101.2, '1994-04-08', 'Croatia', 2014, 12, '', 2016, 2, 1610612753, 2526840),
(203991, 1610612745, 'Clint', 'Capela', 15, 'C', 2.08, 108.9, '1994-05-18', 'Switzerland', 2014, 25, '', 2014, 4, 1610612745, 15793104),
(203992, 1610612758, 'Bogdan', 'Bogdanovic', 8, 'G', 1.98, 93, '1992-08-18', 'Serbia', 2014, 27, '', 2017, 1, 1610612756, 9000000),
(203994, 1610612757, 'Jusuf', 'Nurkic', 27, 'C', 2.13, 124.7, '1994-08-23', 'Bosnia and Herzegovina', 2014, 16, '', 2014, 4, 1610612741, 11111111),
(203998, 1610612763, 'Bruno', 'Caboclo', 5, 'F', 2.06, 98.9, '1995-09-21', 'Brazil', 2014, 20, '', 2014, 4, 1610612761, 705361),
(203999, 1610612743, 'Nikola', 'Jokic', 15, 'C', 2.13, 113.4, '1995-02-19', 'Serbia', 2014, 41, 'Serbia', 2015, 3, 1610612743, 3651480),
(204001, 1610612742, 'Kristaps', 'Porzingis', 6, 'F-C', 2.21, 108.9, '1995-08-02', 'Latvia', 2015, 4, '', 2015, 3, 1610612752, 5697054),
(204020, 1610612756, 'Tyler', 'Johnson', 16, 'G', 1.93, 86.2, '1992-05-07', 'USA', -1, -1, 'Fresno State', 2014, 4, NULL, 19245370),
(204025, 1610612749, 'Tim', 'Frazier', 12, 'G', 1.85, 77.1, '1990-11-01', 'USA', -1, -1, '', 2014, 4, NULL, 1832107),
(204038, 1610612765, 'Langston', 'Galloway', 9, 'G', 1.88, 90.7, '1991-12-09', 'USA', -1, -1, 'Saint Joseph\'s', 2014, 4, NULL, 7000000),
(204060, 1610612762, 'Joe', 'Ingles', 2, 'F', 2.03, 102.5, '1987-10-02', 'Australia', -1, -1, '', 2014, 4, NULL, 12545455),
(204076, 1610612760, 'Richard', 'Solomon', 8, 'F', 2.11, 108.9, '1992-06-18', 'USA', -1, -1, 'California', -1, 0, NULL, 47370),
(204456, 1610612755, 'T.J.', 'McConnell', 12, 'G', 1.88, 86.2, '1992-03-25', 'USA', -1, -1, 'Arizona', 2015, 3, NULL, 1600520),
(1626143, 1610612740, 'Jahlil', 'Okafor', 8, 'C', 2.11, 124.7, '1995-12-15', 'USA', 2015, 3, 'Duke', 2015, 3, 1610612755, 1567007),
(1626144, 1610612752, 'Emmanuel', 'Mudiay', 1, 'G', 1.96, 90.7, '1996-03-05', 'Democratic Republic of the Congo', 2015, 7, '', 2015, 3, 1610612743, 4294479),
(1626145, 1610612750, 'Tyus', 'Jones', 1, 'G', 1.88, 88.9, '1996-05-10', 'USA', 2015, 24, 'Duke', 2015, 3, 1610612739, 2444052),
(1626147, 1610612737, 'Justin', 'Anderson', 1, 'G-F', 1.98, 104.3, '1993-11-19', 'USA', 2015, 21, 'Virginia', 2015, 3, 1610612742, 2516047),
(1626149, 1610612746, 'Montrezl', 'Harrell', 5, 'F-C', 2.03, 108.9, '1994-01-26', 'USA', 2015, 32, 'Louisville', 2015, 3, 1610612745, 6000000),
(1626153, 1610612763, 'Delon', 'Wright', 2, 'G', 1.96, 83, '1992-04-26', 'USA', 2015, 20, 'Utah', 2015, 3, 1610612761, 2536898),
(1626154, 1610612738, 'RJ', 'Hunter', 28, 'G', 1.96, 83.9, '1993-10-24', 'USA', 2015, 28, 'Georgia State', 2015, 3, 1610612738, 77250),
(1626155, 1610612764, 'Sam', 'Dekker', 8, 'F', 2.06, 104.3, '1994-05-08', 'USA', 2015, 18, 'Wisconsin', 2015, 3, 1610612745, 2760094),
(1626156, 1610612751, 'D\'Angelo', 'Russell', 1, 'G', 1.96, 89.8, '1996-02-23', 'USA', 2015, 2, 'Ohio State', 2015, 3, 1610612747, 7019698),
(1626157, 1610612750, 'Karl-Anthony', 'Towns', 32, 'C', 2.13, 112.5, '1995-11-15', 'USA', 2015, 1, 'Kentucky', 2015, 3, 1610612750, 7839435),
(1626158, 1610612756, 'Richaun', 'Holmes', 21, 'F-C', 2.08, 106.6, '1993-10-15', 'USA', 2015, 37, 'Bowling Green', 2015, 3, 1610612755, 1600520),
(1626159, 1610612748, 'Justise', 'Winslow', 20, 'F', 2.01, 102.1, '1996-03-26', 'USA', 2015, 10, 'Duke', 2015, 3, 1610612748, 3448926),
(1626161, 1610612758, 'Willie', 'Cauley-Stein', 0, 'C', 2.13, 108.9, '1993-08-18', 'USA', 2015, 6, 'Kentucky', 2015, 3, 1610612758, 4696874),
(1626162, 1610612756, 'Kelly', 'Oubre Jr.', 3, 'F', 2.01, 93, '1995-12-09', 'USA', 2015, 15, 'Kansas', 2015, 3, 1610612737, 3208630),
(1626163, 1610612766, 'Frank', 'Kaminsky', 44, 'F-C', 2.13, 109.8, '1993-04-04', 'USA', 2015, 9, 'Wisconsin', 2015, 3, 1610612766, 3627842),
(1626164, 1610612756, 'Devin', 'Booker', 1, 'G', 1.98, 95.3, '1996-10-30', 'USA', 2015, 13, 'Kentucky', 2015, 3, 1610612756, 3314365),
(1626167, 1610612754, 'Myles', 'Turner', 33, 'C-F', 2.11, 113.4, '1996-03-24', 'USA', 2015, 11, 'Texas', 2015, 3, 1610612754, 3294994),
(1626168, 1610612743, 'Trey', 'Lyles', 7, 'F', 2.08, 106.1, '1995-11-05', 'USA', 2015, 12, 'Kentucky', 2015, 3, 1610612762, 3364249),
(1626169, 1610612740, 'Stanley', 'Johnson', 3, 'F', 2.01, 111.1, '1996-05-29', 'USA', 2015, 8, 'Arizona', 2015, 3, 1610612765, 3940401),
(1626170, 1610612753, 'Jerian', 'Grant', 22, 'G', 1.93, 93, '1992-10-09', 'USA', 2015, 19, 'Notre Dame', 2015, 3, 1610612764, 2639313),
(1626171, 1610612764, 'Bobby', 'Portis', 5, 'F', 2.11, 113.4, '1995-02-10', 'USA', 2015, 22, 'Arkansas', 2015, 3, 1610612741, 2494346),
(1626172, 1610612744, 'Kevon', 'Looney', 5, 'C-F', 2.06, 99.8, '1996-02-06', 'USA', 2015, 30, 'UCLA', 2015, 3, 1610612744, 1567007),
(1626174, 1610612740, 'Christian', 'Wood', 35, 'F', 2.08, 97.1, '1995-09-27', 'USA', -1, -1, 'Nevada-Las Vegas', 2015, 2, NULL, 1512601),
(1626178, 1610612751, 'Rondae', 'Hollis-Jefferson', 24, 'F', 2.01, 98.4, '1995-01-03', 'USA', 2015, 23, 'Arizona', 2015, 3, 1610612757, 2470356),
(1626179, 1610612738, 'Terry', 'Rozier', 12, 'G', 1.85, 86.2, '1994-03-17', 'USA', 2015, 16, 'Louisville', 2015, 3, 1610612738, 3050389),
(1626181, 1610612761, 'Norman', 'Powell', 24, 'F-G', 1.93, 97.5, '1993-05-25', 'USA', 2015, 46, 'UCLA', 2015, 3, 1610612749, 3651480),
(1626184, 1610612764, 'Chasson', 'Randle', 9, 'G', 1.88, 83.9, '1993-02-05', 'USA', -1, -1, 'Stanford', 2016, 1, NULL, 975824),
(1626185, 1610612753, 'Jarell', 'Martin', 2, 'F', 2.08, 108.4, '1994-05-24', 'USA', 2015, 25, 'Louisiana State', 2015, 3, 1610612763, 2416221),
(1626188, 1610612744, 'Quinn', 'Cook', 4, 'G', 1.88, 81.2, '1993-03-23', 'USA', -1, -1, 'Duke', 2016, 2, NULL, 1544951),
(1626192, 1610612749, 'Pat', 'Connaughton', 24, 'G', 1.93, 94.8, '1993-01-06', 'USA', 2015, 41, 'Notre Dame', 2015, 3, 1610612751, 1641000),
(1626195, 1610612766, 'Willy', 'Hernangomez', 41, 'C', 2.11, 108.9, '1994-05-27', 'Spain', 2015, 35, 'Spain', 2016, 2, 1610612755, 1496500),
(1626196, 1610612748, 'Josh', 'Richardson', 0, 'G-F', 1.98, 90.7, '1993-09-15', 'USA', 2015, 40, 'Tennessee', 2015, 3, 1610612748, 9367200),
(1626203, 1610612751, 'Treveon', 'Graham', 21, 'F', 1.96, 102.1, '1993-10-28', 'USA', -1, -1, 'Virginia Commonwealth', 2016, 2, NULL, 1512601),
(1626204, 1610612739, 'Larry', 'Nance Jr.', 22, 'F', 2.06, 104.3, '1993-01-01', 'USA', 2015, 27, 'Wyoming', 2015, 3, 1610612747, 2272390),
(1626209, 1610612752, 'Mario', 'Hezonja', 8, 'F', 2.03, 102.1, '1995-02-25', 'Croatia', 2015, 5, 'Croatia', 2015, 3, 1610612753, 6500000),
(1626210, 1610612751, 'Alan', 'Williams', 15, 'F-C', 2.03, 120.2, '1993-01-28', 'USA', -1, -1, 'California-Santa Barbara', 2015, 3, NULL, 77250),
(1626220, 1610612762, 'Royce', 'O\'Neale', 23, 'F', 1.98, 102.5, '1993-06-05', 'USA', -1, -1, 'Baylor', 2017, 1, NULL, 0),
(1626224, 1610612739, 'Cedi', 'Osman', 16, 'F', 2.03, 97.5, '1995-04-08', 'Turkey', 2015, 31, 'Anadolu Efes', 2017, 1, 1610612750, 2775000),
(1626245, 1610612741, 'Cristiano', 'Felicio', 6, 'F-C', 2.08, 120.2, '1992-07-07', 'Brazil', -1, -1, '', 2015, 3, NULL, 8470980),
(1626246, 1610612755, 'Boban', 'Marjanovic', 51, 'C', 2.21, 131.5, '1988-08-15', 'Serbia', -1, -1, '', 2015, 3, NULL, 9490740),
(1626257, 1610612742, 'Salah', 'Mejri', 50, 'C', 2.18, 106.6, '1986-06-15', 'Tunisia', -1, -1, '', 2015, 3, NULL, 2098196),
(1626259, 1610612761, 'Malcolm', 'Miller', 13, 'F', 2.01, 95.3, '1993-03-06', 'USA', -1, -1, 'Holy Cross', 2017, 1, NULL, 457418),
(1626296, 1610612737, 'Jordan', 'Sibert', 8, 'G', 1.93, 84.8, '1992-08-01', 'USA', -1, -1, 'Dayton', 2018, 0, NULL, 47370),
(1627395, 1610612763, 'Julian', 'Washburn', 4, 'F-G', 2.03, 94.8, '1991-12-18', 'USA', -1, -1, 'Texas-El Paso', 2018, 0, NULL, 77250),
(1627732, 1610612755, 'Ben', 'Simmons', 25, 'G-F', 2.08, 104.3, '1996-07-20', 'Australia', 2016, 1, 'Louisiana State', 2017, 1, 1610612755, 6434520),
(1627733, 1610612756, 'Dragan', 'Bender', 35, 'F', 2.16, 102.1, '1997-11-17', 'Croatia', 2016, 4, '', 2016, 2, 1610612756, 4661280),
(1627734, 1610612754, 'Domantas', 'Sabonis', 11, 'F', 2.11, 108.9, '1996-05-03', 'Lithuania', 2016, 11, 'Gonzaga', 2016, 2, 1610612760, 2659800),
(1627736, 1610612743, 'Malik', 'Beasley', 25, 'G', 1.96, 88.5, '1996-11-26', 'USA', 2016, 19, 'Florida State', 2016, 2, 1610612743, 1773840),
(1627737, 1610612739, 'Marquese', 'Chriss', 3, 'F', 2.08, 108.9, '1997-07-02', 'USA', 2016, 8, 'Washington', 2016, 2, 1610612756, 3206160),
(1627738, 1610612737, 'Deyonta', 'Davis', 4, 'C-F', 2.11, 107.5, '1996-12-02', 'USA', 2016, 31, 'Michigan State', 2016, 2, 1610612738, 1741503),
(1627739, 1610612741, 'Kris', 'Dunn', 32, 'G', 1.93, 93, '1994-03-18', 'USA', 2016, 5, 'Providence', 2016, 2, 1610612750, 4221000),
(1627740, 1610612752, 'Henry', 'Ellenson', 13, 'F', 2.11, 111.1, '1997-01-13', 'USA', 2016, 18, 'Marquette', 2016, 2, 1610612765, 2199311),
(1627741, 1610612758, 'Buddy', 'Hield', 24, 'G', 1.93, 97.1, '1992-12-17', 'Bahamas', 2016, 6, 'Oklahoma', 2016, 2, 1610612740, 3833760),
(1627742, 1610612747, 'Brandon', 'Ingram', 14, 'F', 2.06, 86.2, '1997-09-02', 'USA', 2016, 2, 'Duke', 2016, 2, 1610612747, 5757120),
(1627745, 1610612744, 'Damian', 'Jones', 15, 'C', 2.13, 111.1, '1995-06-30', 'USA', 2016, 30, 'Vanderbilt', 2016, 2, 1610612744, 1512601),
(1627746, 1610612757, 'Skal', 'Labissiere', 17, 'F', 2.11, 106.6, '1996-03-18', 'Haiti', 2016, 28, 'Kentucky', 2016, 2, 1610612758, 1544951),
(1627747, 1610612751, 'Caris', 'LeVert', 22, 'G', 2.01, 92.5, '1994-08-25', 'USA', 2016, 20, 'Michigan', 2016, 2, 1610612754, 1702800),
(1627748, 1610612765, 'Thon', 'Maker', 7, 'F', 2.16, 100.2, '1997-02-25', 'South Sudan', 2016, 10, '', 2016, 2, 1610612749, 2799720),
(1627749, 1610612759, 'Dejounte', 'Murray', 5, 'G', 1.96, 77.1, '1996-09-19', 'USA', 2016, 29, 'Washington', 2016, 2, 1610612759, 1544951),
(1627750, 1610612743, 'Jamal', 'Murray', 27, 'G', 1.93, 93.9, '1997-02-23', 'Canada', 2016, 7, 'Kentucky', 2016, 2, 1610612743, 3499800),
(1627751, 1610612759, 'Jakob', 'Poeltl', 25, 'C', 2.13, 104.3, '1995-10-15', 'Austria', 2016, 9, 'Utah', 2016, 2, 1610612761, 2947320),
(1627752, 1610612737, 'Taurean', 'Prince', 12, 'F', 2.03, 99.8, '1994-03-22', 'USA', 2016, 12, 'Baylor', 2016, 2, 1610612762, 2526840),
(1627756, 1610612741, 'Denzel', 'Valentine', 45, 'G', 1.98, 95.3, '1993-11-16', 'USA', 2016, 14, 'Michigan State', 2016, 2, 1610612741, 2280600),
(1627759, 1610612738, 'Jaylen', 'Brown', 7, 'G', 2.01, 99.8, '1996-10-24', 'USA', 2016, 3, 'California', 2016, 2, 1610612738, 5169960),
(1627761, 1610612737, 'DeAndre\'', 'Bembry', 95, 'F', 1.98, 95.3, '1994-07-04', 'USA', 2016, 21, 'Saint Joseph\'s', 2016, 2, 1610612737, 1634640),
(1627763, 1610612749, 'Malcolm', 'Brogdon', 13, 'G', 1.96, 103.9, '1992-12-11', 'USA', 2016, 36, 'Virginia', 2016, 2, 1610612749, 1544951),
(1627767, 1610612740, 'Cheick', 'Diallo', 13, 'F', 2.06, 99.8, '1996-09-13', 'Mali', 2016, 33, 'Kansas', 2016, 2, 1610612746, 1544951),
(1627774, 1610612757, 'Jake', 'Layman', 10, 'F', 2.06, 97.5, '1994-03-07', 'USA', 2016, 47, 'Maryland', 2016, 2, 1610612753, 1544951),
(1627775, 1610612761, 'Patrick', 'McCaw', 1, 'G', 2.01, 83.9, '1995-10-25', 'USA', 2016, 38, 'Nevada-Las Vegas', 2016, 2, 1610612744, 964104),
(1627777, 1610612762, 'Georges', 'Niang', 31, 'F', 2.03, 104.3, '1993-06-17', 'USA', 2016, 50, 'Iowa State', 2016, 2, 1610612754, 1512601),
(1627782, 1610612741, 'Wayne', 'Selden', 14, 'G-F', 1.96, 104.3, '1994-09-30', 'USA', -1, -1, 'Kansas', 2016, 2, NULL, 1544951),
(1627783, 1610612761, 'Pascal', 'Siakam', 43, 'F', 2.06, 104.3, '1994-04-02', 'Cameroon', 2016, 27, 'New Mexico State', 2016, 2, 1610612761, 1544951),
(1627785, 1610612765, 'Isaiah', 'Whitehead', 12, 'G', 1.93, 96.6, '1995-03-08', 'USA', 2016, 42, 'Seton Hall', 2016, 2, 1610612751, 726390),
(1627786, 1610612758, 'Troy', 'Williams', 19, 'F', 2.01, 98.9, '1994-12-30', 'USA', -1, -1, 'Indiana', 2016, 2, NULL, 77250),
(1627788, 1610612755, 'Furkan', 'Korkmaz', 30, 'G-F', 2.01, 86.2, '1997-07-24', 'Turkey', 2016, 26, '', 2017, 1, 1610612755, 1740000),
(1627789, 1610612741, 'Timothe', 'Luwawu-Cabarrot', 7, 'G-F', 1.98, 95.3, '1995-05-09', 'France', 2016, 24, '', 2016, 2, 1610612755, 1880268),
(1627790, 1610612739, 'Ante', 'Zizic', 41, 'C', 2.11, 115.2, '1997-01-04', 'Croatia', 2016, 23, '', 2017, 1, 1610612738, 1952760),
(1627812, 1610612758, 'Yogi', 'Ferrell', 3, 'G', 1.83, 81.6, '1993-05-09', 'USA', -1, -1, 'Indiana', 2016, 2, NULL, 3000000),
(1627814, 1610612744, 'Damion', 'Lee', 1, 'G', 1.98, 95.3, '1992-10-21', 'USA', -1, -1, 'Louisville', 2017, 1, NULL, 77250),
(1627816, 1610612737, 'Alex', 'Poythress', 22, 'F', 2.06, 106.6, '1993-09-06', 'USA', -1, -1, 'Kentucky', 2016, 2, NULL, 77250),
(1627820, 1610612746, 'Tyrone', 'Wallace', 9, 'G', 1.96, 89.8, '1994-06-10', 'USA', 2016, 60, 'California', 2017, 1, 1610612762, 1349383),
(1627823, 1610612743, 'Juancho', 'Hernangomez', 41, 'F', 2.06, 104.3, '1995-09-28', 'Spain', 2016, 15, '', 2016, 2, 1610612743, 2166360),
(1627824, 1610612738, 'Guerschon', 'Yabusele', 30, 'F', 2.03, 117.9, '1995-12-17', 'France', 2016, 16, '', 2017, 1, 1610612738, 2667600),
(1627826, 1610612746, 'Ivica', 'Zubac', 40, 'C', 2.16, 108.9, '1997-03-18', 'Croatia', 2016, 32, '', 2016, 2, 1610612747, 1544951),
(1627827, 1610612742, 'Dorian', 'Finney-Smith', 10, 'F', 2.03, 99.8, '1993-05-04', 'USA', -1, -1, 'Florida', 2016, 2, NULL, 1544951),
(1627832, 1610612761, 'Fred', 'VanVleet', 23, 'G', 1.83, 88.5, '1994-02-25', 'USA', -1, -1, 'Wichita State', 2016, 2, NULL, 8653847),
(1627846, 1610612760, 'Abdel', 'Nader', 11, 'F', 1.98, 102.1, '1993-09-25', 'Egypt', 2016, 58, 'Iowa State', 2017, 1, 1610612738, 1378242),
(1627853, 1610612741, 'Ryan', 'Arcidiacono', 51, 'G', 1.9, 90.7, '1994-03-26', 'USA', -1, -1, 'Villanova', 2017, 1, NULL, 1349383),
(1627854, 1610612759, 'Bryn', 'Forbes', 11, 'G', 1.9, 86.2, '1993-07-23', 'USA', -1, -1, 'Michigan State', 2016, 2, NULL, 3125000),
(1627863, 1610612745, 'Danuel', 'House Jr.', 4, 'F-G', 2.01, 99.8, '1993-06-07', 'USA', -1, -1, 'Texas A&M', 2016, 2, NULL, 247827),
(1627884, 1610612748, 'Derrick', 'Jones Jr.', 5, 'F-G', 2.01, 90.7, '1997-02-15', 'USA', -1, -1, 'Nevada-Las Vegas', 2016, 2, NULL, 1512601),
(1627885, 1610612741, 'Shaquille', 'Harrison', 3, 'G', 1.93, 86.2, '1993-10-06', 'USA', -1, -1, 'Tulsa', 2017, 1, NULL, 1325531),
(1627936, 1610612747, 'Alex', 'Caruso', 4, 'G', 1.96, 84.4, '1994-02-28', 'USA', -1, -1, 'Texas A&M', 2017, 1, NULL, 77250),
(1628021, 1610612739, 'David', 'Nwaba', 12, 'G', 1.93, 99.3, '1993-01-14', 'USA', -1, -1, 'Cal Poly-S.L.O.', 2016, 2, NULL, 1512601),
(1628035, 1610612744, 'Alfonzo', 'McKinnie', 28, 'F', 2.03, 97.5, '1992-09-17', 'USA', -1, -1, 'Wisc.-Green Bay', 2017, 1, NULL, 1349383),
(1628070, 1610612761, 'Jordan', 'Loyd', 8, 'G', 1.93, 95.3, '1993-07-27', 'USA', -1, -1, 'Indianapolis', 2018, 0, NULL, 77250),
(1628365, 1610612753, 'Markelle', 'Fultz', 20, 'G', 1.93, 90.7, '1998-05-29', 'USA', 2017, 1, 'Washington', 2017, 1, 1610612755, 8339880),
(1628366, 1610612747, 'Lonzo', 'Ball', 2, 'G', 1.98, 86.2, '1997-10-27', 'USA', 2017, 2, 'California-Los Angeles', 2017, 1, 1610612747, 7461960),
(1628367, 1610612756, 'Josh', 'Jackson', 20, 'F', 2.03, 90.7, '1997-02-10', 'USA', 2017, 4, 'Kansas', 2017, 1, 1610612756, 6041520),
(1628368, 1610612758, 'De\'Aaron', 'Fox', 5, 'G', 1.9, 79.4, '1997-12-20', 'USA', 2017, 5, 'Kentucky', 2017, 1, 1610612758, 5470920),
(1628369, 1610612738, 'Jayson', 'Tatum', 0, 'F', 2.03, 94.3, '1998-03-03', 'USA', 2017, 3, 'Duke', 2017, 1, 1610612738, 6700800),
(1628370, 1610612766, 'Malik', 'Monk', 1, 'G', 1.9, 90.7, '1998-02-04', 'USA', 2017, 11, 'Kentucky', 2017, 1, 1610612766, 3447480),
(1628371, 1610612753, 'Jonathan', 'Isaac', 1, 'F', 2.08, 95.3, '1997-10-03', 'USA', 2017, 6, 'Florida State', 2017, 1, 1610612753, 4969080),
(1628372, 1610612752, 'Dennis', 'Smith Jr.', 5, 'G', 1.9, 88.5, '1997-11-25', 'USA', 2017, 9, 'North Carolina State', 2017, 1, 1610612742, 1544951),
(1628373, 1610612752, 'Frank', 'Ntilikina', 11, 'G', 1.98, 90.7, '1998-07-28', 'France', 2017, 8, '', 2017, 1, 1610612752, 4155720),
(1628374, 1610612741, 'Lauri', 'Markkanen', 24, 'F', 2.13, 108.9, '1997-05-22', 'Finland', 2017, 7, 'Arizona', 2017, 1, 1610612750, 4536120),
(1628378, 1610612762, 'Donovan', 'Mitchell', 45, 'G', 1.9, 97.5, '1996-09-07', 'USA', 2017, 13, 'Louisville', 2017, 1, 1610612743, 3111480),
(1628379, 1610612765, 'Luke', 'Kennard', 5, 'G', 1.96, 93.4, '1996-06-24', 'USA', 2017, 12, 'Duke', 2017, 1, 1610612765, 3275280),
(1628380, 1610612757, 'Zach', 'Collins', 33, 'F-C', 2.13, 106.6, '1997-11-19', 'USA', 2017, 10, 'Gonzaga', 2017, 1, 1610612758, 3628920),
(1628381, 1610612737, 'John', 'Collins', 20, 'F-C', 2.08, 106.6, '1997-09-23', 'USA', 2017, 19, 'Wake Forest', 2017, 1, 1610612737, 2299080),
(1628382, 1610612742, 'Justin', 'Jackson', 44, 'F', 2.03, 95.3, '1995-03-28', 'USA', 2017, 15, 'North Carolina', 2017, 1, 1610612757, 2807880),
(1628383, 1610612755, 'Justin', 'Patton', 0, 'C', 2.13, 109.3, '1997-06-14', 'USA', 2017, 16, 'Creighton', 2017, 1, 1610612741, 2667600),
(1628384, 1610612761, 'OG', 'Anunoby', 3, 'F', 2.03, 105.2, '1997-07-17', 'United Kingdom', 2017, 23, 'Indiana', 2017, 1, 1610612761, 1952760),
(1628385, 1610612758, 'Harry', 'Giles III', 20, 'F-C', 2.08, 108.9, '1998-04-22', 'USA', 2017, 20, 'Duke', 2018, 0, 1610612757, 2207040),
(1628386, 1610612751, 'Jarrett', 'Allen', 31, 'C', 2.11, 107.5, '1998-04-21', 'USA', 2017, 22, 'Texas', 2017, 1, 1610612751, 2034120);
INSERT INTO `jokalaria` (`idJokalaria`, `idTaldea`, `izena`, `abizena`, `dortsala`, `posizioa`, `altuera`, `pisua`, `jaiotze_data`, `nazionalitatea`, `draft_urtea`, `draft_postua`, `unibertsitatea`, `nba_debut_urtea`, `nba_urteak`, `draft_id_taldea`, `soldata`) VALUES
(1628388, 1610612754, 'TJ', 'Leaf', 22, 'F', 2.08, 102.1, '1997-04-30', 'USA', 2017, 18, 'California-Los Angeles', 2017, 1, 1610612754, 2407560),
(1628389, 1610612748, 'Bam', 'Adebayo', 13, 'C-F', 2.08, 115.7, '1997-07-18', 'USA', 2017, 14, 'Kentucky', 2017, 1, 1610612748, 2955840),
(1628390, 1610612760, 'Terrance', 'Ferguson', 23, 'G', 2.01, 86.2, '1998-05-17', 'USA', 2017, 21, '', 2017, 1, 1610612760, 2118840),
(1628391, 1610612749, 'D.J.', 'Wilson', 5, 'F', 2.08, 104.8, '1996-02-19', 'USA', 2017, 17, 'Michigan', 2017, 1, 1610612749, 2534280),
(1628392, 1610612745, 'Isaiah', 'Hartenstein', 55, 'F-C', 2.13, 112.9, '1998-05-05', 'Germany', 2017, 43, '', 2018, 0, 1610612745, 838464),
(1628393, 1610612760, 'Jawun', 'Evans', 1, 'G', 1.83, 86.2, '1996-07-26', 'USA', 2017, 39, 'Oklahoma State', 2017, 1, 1610612755, 1455492),
(1628395, 1610612744, 'Jordan', 'Bell', 2, 'F', 2.06, 101.6, '1995-01-07', 'USA', 2017, 38, 'Oregon', 2017, 1, 1610612741, 1378242),
(1628396, 1610612762, 'Tony', 'Bradley', 13, 'C', 2.08, 112.5, '1998-01-08', 'USA', 2017, 28, 'North Carolina', 2017, 1, 1610612747, 1679520),
(1628397, 1610612763, 'Ivan', 'Rabb', 10, 'F', 2.08, 99.8, '1997-02-04', 'USA', 2017, 35, 'California', 2017, 1, 1610612753, 1378242),
(1628398, 1610612747, 'Kyle', 'Kuzma', 0, 'F', 2.06, 99.8, '1995-07-24', 'USA', 2017, 27, 'Utah', 2017, 1, 1610612751, 1689840),
(1628399, 1610612743, 'Tyler', 'Lydon', 20, 'F', 2.08, 102.1, '1996-04-09', 'USA', 2017, 24, 'Syracuse', 2017, 1, 1610612762, 1874640),
(1628400, 1610612738, 'Semi', 'Ojeleye', 37, 'F', 2.01, 109.3, '1994-12-05', 'USA', 2017, 37, 'Southern Methodist', 2017, 1, 1610612738, 1378242),
(1628401, 1610612759, 'Derrick', 'White', 4, 'G', 1.93, 86.2, '1994-07-02', 'USA', 2017, 29, 'Colorado', 2017, 1, 1610612759, 1667160),
(1628402, 1610612740, 'Frank', 'Jackson', 15, 'G', 1.9, 93, '1998-05-04', 'USA', 2017, 31, 'Duke', 2018, 0, 1610612766, 1378242),
(1628403, 1610612758, 'Caleb', 'Swanigan', 50, 'F', 2.06, 113.4, '1997-04-18', 'USA', 2017, 26, 'Purdue', 2017, 1, 1610612757, 1740000),
(1628404, 1610612747, 'Josh', 'Hart', 3, 'G', 1.96, 97.5, '1995-03-06', 'USA', 2017, 30, 'Villanova', 2017, 1, 1610612762, 1655160),
(1628405, 1610612746, 'Johnathan', 'Motley', 15, 'F', 2.08, 104.3, '1995-05-04', 'USA', -1, -1, 'Baylor', 2017, 1, NULL, 77250),
(1628407, 1610612766, 'Dwayne', 'Bacon', 7, 'G-F', 2.01, 100.2, '1995-08-30', 'USA', 2017, 40, 'Florida State', 2017, 1, 1610612740, 1378242),
(1628408, 1610612738, 'PJ', 'Dozier', 50, 'G-F', 1.98, 93, '1996-10-25', 'USA', -1, -1, 'South Carolina', 2017, 1, NULL, 77250),
(1628410, 1610612754, 'Edmond', 'Sumner', 5, 'G', 1.98, 79.8, '1995-12-31', 'USA', 2017, 52, 'Xavier', 2017, 1, 1610612740, 449794),
(1628411, 1610612753, 'Wes', 'Iwundu', 25, 'F', 2.01, 88.5, '1994-12-20', 'USA', 2017, 33, 'Kansas State', 2017, 1, 1610612753, 1378242),
(1628412, 1610612758, 'Frank', 'Mason', 10, 'G', 1.8, 86.2, '1994-04-03', 'USA', 2017, 34, 'Kansas', 2017, 1, 1610612758, 1378242),
(1628413, 1610612755, 'Jonah', 'Bolden', 43, 'F', 2.08, 99.8, '1996-01-02', 'Australia', 2017, 36, '', 2018, 0, 1610612755, 1690000),
(1628414, 1610612746, 'Sindarius', 'Thornwell', 0, 'G', 1.96, 97.5, '1994-11-15', 'USA', 2017, 48, 'South Carolina', 2017, 1, 1610612749, 1378242),
(1628415, 1610612763, 'Dillon', 'Brooks', 24, 'G-F', 1.98, 99.8, '1996-01-22', 'Canada', 2017, 45, 'Oregon', 2017, 1, 1610612745, 1378242),
(1628416, 1610612763, 'Tyler', 'Dorsey', 22, 'G', 1.96, 83, '1996-02-18', 'USA', 2017, 41, 'Oregon', 2017, 1, 1610612737, 1378242),
(1628417, 1610612739, 'Jaron', 'Blossomgame', 4, 'F', 2.03, 99.8, '1993-09-16', 'USA', 2017, 59, 'Clemson', 2018, 0, 1610612759, 77250),
(1628418, 1610612764, 'Thomas', 'Bryant', 13, 'C', 2.11, 112.5, '1997-07-31', 'USA', 2017, 42, 'Indiana', 2017, 1, 1610612762, 1378242),
(1628420, 1610612743, 'Monte', 'Morris', 11, 'G', 1.9, 79.4, '1995-06-27', 'USA', 2017, 51, 'Iowa State', 2017, 1, 1610612743, 1349383),
(1628421, 1610612764, 'Devin', 'Robinson', 7, 'F', 2.03, 90.7, '1995-03-07', 'USA', -1, -1, 'Florida', 2017, 1, NULL, 77250),
(1628422, 1610612752, 'Damyean', 'Dotson', 21, 'G', 1.98, 95.3, '1994-05-06', 'USA', 2017, 44, 'Houston', 2017, 1, 1610612752, 1378242),
(1628425, 1610612749, 'Sterling', 'Brown', 23, 'G', 1.98, 105.2, '1995-02-10', 'USA', 2017, 46, 'Southern Methodist', 2017, 1, 1610612755, 1378242),
(1628432, 1610612754, 'Davon', 'Reed', 32, 'G', 1.96, 94.3, '1995-06-11', 'USA', 2017, 32, 'Miami (FL)', 2017, 1, 1610612756, 752250),
(1628436, 1610612752, 'Luke', 'Kornet', 2, 'F-C', 2.16, 113.4, '1995-07-15', 'USA', -1, -1, 'Vanderbilt', 2017, 1, NULL, 1619260),
(1628439, 1610612752, 'Isaiah', 'Hicks', 4, 'F', 2.06, 104.3, '1994-07-24', 'USA', -1, -1, 'North Carolina', 2017, 1, NULL, 77250),
(1628443, 1610612752, 'Kadeem', 'Allen', 0, 'G', 1.9, 90.7, '1993-01-15', 'USA', 2017, 53, 'Arizona', 2017, 1, 1610612738, 77250),
(1628449, 1610612761, 'Chris', 'Boucher', 25, 'F', 2.08, 90.7, '1993-01-11', 'Canada', -1, -1, 'Oregon', 2017, 1, NULL, 457418),
(1628463, 1610612762, 'Tyler', 'Cavanaugh', 34, 'F', 2.06, 108, '1994-02-09', 'USA', -1, -1, 'George Washington', 2017, 1, NULL, 77250),
(1628464, 1610612738, 'Daniel', 'Theis', 27, 'F', 2.03, 110.2, '1992-04-04', 'Germany', -1, -1, '', 2017, 1, NULL, 1378242),
(1628467, 1610612742, 'Maxi', 'Kleber', 42, 'F', 2.11, 108.9, '1992-01-29', 'Germany', -1, -1, '', 2017, 1, NULL, 1378242),
(1628469, 1610612741, 'Antonio', 'Blakeney', 9, 'G', 1.93, 87.1, '1996-10-04', 'USA', -1, -1, 'Louisiana State', 2017, 1, NULL, 1349383),
(1628470, 1610612743, 'Torrey', 'Craig', 3, 'F', 2.01, 97.5, '1990-12-19', 'USA', -1, -1, 'South Carolina Upstate', 2017, 1, NULL, 2000000),
(1628500, 1610612759, 'Ben', 'Moore', 26, 'F', 2.03, 99.8, '1995-05-13', 'USA', -1, -1, 'Southern Methodist', 2017, 1, NULL, 222099),
(1628505, 1610612753, 'Troy', 'Caupain', 3, 'G', 1.93, 95.3, '1995-11-29', 'USA', -1, -1, 'Cincinnati', 2018, 0, NULL, 77250),
(1628513, 1610612762, 'Naz', 'Mitrou-Long', 30, 'G', 1.93, 98.9, '1993-08-03', 'Canada', -1, -1, 'Iowa State', 2017, 1, NULL, 77250),
(1628515, 1610612753, 'Isaiah', 'Briscoe', 13, 'G', 1.9, 97.5, '1996-04-13', 'USA', -1, -1, '', 2018, 0, NULL, 838464),
(1628518, 1610612753, 'Amile', 'Jefferson', 11, 'F', 2.06, 100.7, '1993-05-07', 'USA', -1, -1, 'Duke', 2018, 0, NULL, 77250),
(1628610, 1610612758, 'Cody', 'Demps', 22, 'F', 1.93, 88.5, '1993-12-02', 'USA', -1, -1, 'Sacramento State', -1, 0, NULL, 47370),
(1628769, 1610612751, 'Tahjere', 'McCall', 0, 'G', 1.96, 86.2, '1994-08-17', 'USA', -1, -1, 'Tennessee State', 2018, 0, NULL, 47370),
(1628959, 1610612741, 'Rawle', 'Alkins', 20, 'G', 1.96, 102.1, '1997-10-29', 'USA', -1, -1, '', 2018, 0, NULL, 77250),
(1628960, 1610612762, 'Grayson', 'Allen', 24, 'G', 1.96, 89.8, '1995-10-08', 'USA', 2018, 21, 'Duke', 2018, 0, 1610612762, 2076960),
(1628961, 1610612742, 'Kostas', 'Antetokounmpo', 37, 'F', 2.08, 90.7, '1997-11-20', 'Greece', 2018, 60, 'Dayton', 2018, 0, 1610612755, 77250),
(1628963, 1610612758, 'Marvin', 'Bagley III', 35, 'F', 2.11, 106.1, '1999-03-14', 'USA', 2018, 2, 'Duke', 2018, 0, 1610612758, 7314960),
(1628964, 1610612753, 'Mo', 'Bamba', 5, 'C', 2.13, 100.2, '1998-05-12', 'USA', 2018, 6, 'Texas', 2018, 0, 1610612753, 4871280),
(1628966, 1610612750, 'Keita', 'Bates-Diop', 31, 'F', 2.06, 103.9, '1996-01-23', 'USA', 2018, 48, 'Ohio State', 2018, 0, 1610612750, 838464),
(1628969, 1610612756, 'Mikal', 'Bridges', 25, 'F', 2.01, 95.3, '1996-08-30', 'USA', 2018, 10, 'Villanova', 2018, 0, 1610612755, 3557400),
(1628970, 1610612766, 'Miles', 'Bridges', 0, 'F', 2.01, 102.1, '1998-03-21', 'USA', 2018, 12, 'Michigan State', 2018, 0, 1610612746, 3206640),
(1628971, 1610612765, 'Bruce', 'Brown', 6, 'G', 1.96, 91.6, '1996-08-15', 'USA', 2018, 42, 'Miami (FL)', 2018, 0, 1610612765, 838464),
(1628972, 1610612764, 'Troy', 'Brown Jr.', 6, 'F', 2.01, 97.5, '1999-07-28', 'USA', 2018, 15, 'Oregon', 2018, 0, 1610612764, 2752680),
(1628973, 1610612742, 'Jalen', 'Brunson', 13, 'G', 1.9, 86.2, '1996-08-31', 'USA', 2018, 33, 'Villanova', 2018, 0, 1610612742, 1230000),
(1628975, 1610612763, 'Jevon', 'Carter', 3, 'G', 1.88, 88.9, '1995-09-14', 'USA', 2018, 32, 'West Virginia', 2018, 0, 1610612763, 838464),
(1628976, 1610612741, 'Wendell', 'Carter Jr.', 34, 'C', 2.08, 115.7, '1999-04-16', 'USA', 2018, 7, 'Duke', 2018, 0, 1610612741, 4446840),
(1628977, 1610612760, 'Hamidou', 'Diallo', 6, 'G', 1.96, 89.8, '1998-07-31', 'USA', 2018, 45, 'Kentucky', 2018, 0, 1610612751, 838464),
(1628978, 1610612749, 'Donte', 'DiVincenzo', 9, 'G', 1.93, 92.1, '1997-01-31', 'USA', 2018, 17, 'Villanova', 2018, 0, 1610612749, 2484360),
(1628979, 1610612745, 'Trevon', 'Duval', 0, 'G', 1.88, 85.7, '1998-08-03', 'USA', -1, -1, '', 2018, 0, NULL, 77250),
(1628980, 1610612744, 'Jacob', 'Evans', 10, 'G', 1.98, 95.3, '1997-06-18', 'USA', 2018, 28, 'Cincinnati', 2018, 0, 1610612744, 1455492),
(1628982, 1610612753, 'Melvin', 'Frazier Jr.', 35, 'G-F', 1.98, 90.7, '1996-08-30', 'USA', 2018, 35, 'Tulane', 2018, 0, 1610612753, 47370),
(1628983, 1610612746, 'Shai', 'Gilgeous-Alexander', 2, 'G', 1.98, 82.1, '1998-07-12', 'Canada', 2018, 11, 'Kentucky', 2018, 0, 1610612766, 3375360),
(1628984, 1610612766, 'Devonte\'', 'Graham', 4, 'G', 1.88, 83.9, '1995-02-22', 'USA', 2018, 34, 'Kansas', 2018, 0, 1610612737, 988464),
(1628988, 1610612754, 'Aaron', 'Holiday', 3, 'G', 1.85, 83.9, '1996-09-30', 'USA', 2018, 23, 'California-Los Angeles', 2018, 0, 1610612754, 1914480),
(1628989, 1610612737, 'Kevin', 'Huerter', 3, 'G', 2.01, 86.2, '1998-08-27', 'USA', 2018, 19, 'Maryland', 2018, 0, 1610612737, 2250960),
(1628990, 1610612741, 'Chandler', 'Hutchison', 15, 'F', 2.01, 89.4, '1996-04-26', 'USA', 2018, 22, 'Boise State', 2018, 0, 1610612741, 1991520),
(1628991, 1610612763, 'Jaren', 'Jackson Jr.', 13, 'F-C', 2.11, 109.8, '1999-09-15', 'USA', 2018, 4, 'Michigan State', 2018, 0, 1610612763, 2807880),
(1628993, 1610612754, 'Alize', 'Johnson', 24, 'F', 2.06, 96.2, '1996-04-22', 'USA', 2018, 50, 'Missouri State', 2018, 0, 1610612754, 838464),
(1628994, 1610612756, 'George', 'King', 8, 'F', 1.98, 99.8, '1994-01-15', 'USA', 2018, 59, 'Colorado', 2018, 0, 1610612756, 77250),
(1628995, 1610612752, 'Kevin', 'Knox', 20, 'F', 2.06, 97.5, '1999-08-11', 'USA', 2018, 9, 'Kentucky', 2018, 0, 1610612752, 3744840),
(1628999, 1610612748, 'Yante', 'Maten', 0, 'F', 2.03, 108.9, '1996-08-14', 'USA', -1, -1, 'Georgia', -1, 0, NULL, 385000),
(1629001, 1610612756, 'De\'Anthony', 'Melton', 14, 'G', 1.93, 90.7, '1998-05-28', 'USA', 2018, 46, 'Southern California', 2018, 0, 1610612745, 949000),
(1629002, 1610612759, 'Chimezie', 'Metu', 7, 'F', 2.08, 102.1, '1997-03-22', 'USA', 2018, 49, 'Southern California', 2018, 0, 1610612749, 838464),
(1629003, 1610612755, 'Shake', 'Milton', 18, 'G', 1.98, 93.9, '1996-09-26', 'USA', 2018, 54, 'Southern Methodist', 2018, 0, 1610612742, 77250),
(1629004, 1610612765, 'Svi', 'Mykhailiuk', 19, 'G', 2.03, 93, '1997-06-10', 'Ukraine', 2018, 47, 'Kansas', 2018, 0, 1610612747, 1487694),
(1629006, 1610612750, 'Josh', 'Okogie', 20, 'G', 1.93, 96.2, '1998-09-01', 'Nigeria', 2018, 20, 'Georgia Tech', 2018, 0, 1610612750, 2163600),
(1629008, 1610612743, 'Michael', 'Porter Jr.', 1, 'F', 2.08, 95.3, '1998-06-29', 'USA', 2018, 14, 'Missouri', -1, 0, 1610612743, 2894160),
(1629010, 1610612746, 'Jerome', 'Robinson', 10, 'G', 1.96, 86.2, '1997-02-22', 'USA', 2018, 13, 'Boston College', 2018, 0, 1610612746, 3050160),
(1629011, 1610612752, 'Mitchell', 'Robinson', 26, 'C', 2.16, 108.9, '1998-04-01', 'USA', 2018, 36, '', 2018, 0, 1610612752, 1485440),
(1629012, 1610612739, 'Collin', 'Sexton', 2, 'G', 1.88, 86.2, '1999-01-04', 'USA', 2018, 8, 'Alabama', 2018, 0, 1610612739, 4073760),
(1629013, 1610612746, 'Landry', 'Shamet', 20, 'G', 1.96, 85.3, '1997-03-13', 'USA', 2018, 26, 'Wichita State', 2018, 0, 1610612755, 1705920),
(1629014, 1610612757, 'Anfernee', 'Simons', 24, 'G', 1.93, 83.9, '1999-06-08', 'USA', 2018, 24, 'IMG Academy', 2018, 0, 1610612757, 1837800),
(1629015, 1610612755, 'Zhaire', 'Smith', 8, 'G', 1.93, 90.3, '1999-06-04', 'USA', 2018, 16, 'Texas Tech', 2018, 0, 1610612756, 2615160),
(1629016, 1610612737, 'Omari', 'Spellman', 6, 'F', 2.06, 111.1, '1997-07-21', 'USA', 2018, 30, 'Villanova', 2018, 0, 1610612737, 1622520),
(1629017, 1610612765, 'Khyri', 'Thomas', 13, 'G', 1.9, 95.3, '1996-05-08', 'USA', 2018, 38, 'Creighton', 2018, 0, 1610612755, 838464),
(1629018, 1610612757, 'Gary', 'Trent Jr.', 9, 'G', 1.98, 93, '1999-01-18', 'USA', -1, -1, '', 2018, 0, NULL, 838464),
(1629019, 1610612752, 'Allonzo', 'Trier', 14, 'G', 1.96, 90.7, '1996-01-17', 'USA', -1, -1, 'University of Arizona', 2018, 0, NULL, 3382000),
(1629020, 1610612743, 'Jarred', 'Vanderbilt', 8, 'F', 2.06, 97.1, '1999-04-03', 'USA', 2018, 41, 'Kentucky', 2018, 0, 1610612753, 838464),
(1629021, 1610612747, 'Moritz', 'Wagner', 15, 'C', 2.11, 111.1, '1997-04-26', 'Germany', 2018, 25, 'Michigan', 2018, 0, 1610612747, 1764240),
(1629022, 1610612759, 'Lonnie', 'Walker IV', 1, 'G', 1.96, 93, '1998-12-14', 'USA', 2018, 18, 'Miami (FL)', 2018, 0, 1610612759, 2360160),
(1629026, 1610612740, 'Kenrich', 'Williams', 34, 'G-F', 2.01, 95.3, '1994-12-02', 'USA', -1, -1, '', 2018, 0, NULL, 838464),
(1629027, 1610612737, 'Trae', 'Young', 11, 'G', 1.88, 81.6, '1998-09-19', 'USA', 2018, 5, 'Oklahoma', 2018, 0, 1610612742, 5363280),
(1629028, 1610612756, 'Deandre', 'Ayton', 22, 'C', 2.16, 113.4, '1998-07-23', 'Bahamas', 2018, 1, 'Arizona', 2018, 0, 1610612756, 8175840),
(1629029, 1610612742, 'Luka', 'Doncic', 77, 'F-G', 2.01, 98.9, '1999-02-28', 'Slovenia', 2018, 3, '', 2018, 0, 1610612737, 6569040),
(1629033, 1610612751, 'Theo', 'Pinson', 10, 'G-F', 1.98, 98.9, '1995-11-05', 'USA', -1, -1, '', 2018, 0, NULL, 77250),
(1629034, 1610612756, 'Ray', 'Spalding', 26, 'F', 2.08, 97.5, '1997-03-11', 'USA', 2018, 56, 'Louisville', 2018, 0, 1610612755, 1023210),
(1629045, 1610612749, 'Bonzie', 'Colson', 50, 'F', 1.98, 102.1, '1996-01-12', 'USA', -1, -1, 'Notre Dame', 2018, 0, NULL, 77250),
(1629053, 1610612745, 'Vincent', 'Edwards', 12, 'F', 2.03, 102.1, '1996-04-05', 'USA', 2018, 52, 'Purdue', 2018, 0, 1610612762, 77250),
(1629055, 1610612760, 'Donte', 'Grantham', 15, 'F', 2.03, 97.5, '1995-03-19', 'USA', -1, -1, 'Clemson', 2018, 0, NULL, 77250),
(1629057, 1610612738, 'Robert', 'Williams III', 44, 'C-F', 2.08, 108.9, '1997-10-17', 'USA', 2018, 27, 'Texas A&M', 2018, 0, 1610612738, 1656600),
(1629058, 1610612751, 'Dzanan', 'Musa', 30, 'G-F', 2.06, 94.3, '1999-05-08', 'Bosnia and Herzegovina', 2018, 29, '', 2018, 0, 1610612751, 1634400),
(1629059, 1610612756, 'Elie', 'Okobo', 2, 'G', 1.9, 86.2, '1997-10-23', 'France', 2018, 31, '', 2018, 0, 1610612756, 1238464),
(1629061, 1610612739, 'Deng', 'Adel', 32, 'F', 2.01, 90.7, '1997-02-01', 'South Sudan', -1, -1, '', 2018, 0, NULL, 77250),
(1629066, 1610612751, 'Rodions', 'Kurucs', 0, 'F', 2.06, 95.3, '1998-02-05', 'Latvia', 2018, 40, '', 2018, 0, 1610612751, 1690000),
(1629067, 1610612747, 'Isaac', 'Bonga', 17, 'G', 2.03, 81.6, '1999-11-08', 'Germany', 2018, 39, '', 2018, 0, 1610612755, 1000000),
(1629094, 1610612744, 'Marcus', 'Derrickson', 32, 'F', 2.01, 112.9, '1996-02-01', 'USA', -1, -1, '', 2018, 0, NULL, 77250),
(1629102, 1610612741, 'Brandon', 'Sampson', 44, 'G', 1.96, 83.5, '1997-05-01', 'USA', -1, -1, '', 2018, 0, NULL, 77250),
(1629109, 1610612745, 'Gary', 'Clark', 6, 'F', 2.03, 102.1, '1994-11-16', 'USA', -1, -1, '', 2018, 0, NULL, 674122),
(1629116, 1610612746, 'Angel', 'Delgado', 31, 'C', 2.08, 111.1, '1994-11-20', 'Dominican Republic', -1, -1, '', 2018, 0, NULL, 77250),
(1629117, 1610612758, 'Wenyen', 'Gabriel', 32, 'F', 2.06, 93, '1997-03-26', 'Sudan', -1, -1, '', -1, 0, NULL, 75000),
(1629118, 1610612743, 'Thomas', 'Welsh', 45, 'C', 2.13, 115.7, '1996-02-03', 'USA', 2018, 58, 'California-Los Angeles', 2018, 0, 1610612743, 77250),
(1629121, 1610612737, 'Jaylen', 'Adams', 10, 'G', 1.88, 86.2, '1996-05-04', 'USA', -1, -1, 'St. Bonaventure', 2018, 0, NULL, 236854),
(1629122, 1610612766, 'J.P.', 'Macura', 55, 'G', 1.96, 93, '1995-06-05', 'USA', -1, -1, 'Xavier (Ohio)', 2018, 0, NULL, 77250),
(1629123, 1610612750, 'Jared', 'Terrell', 3, 'G', 1.9, 103, '1995-02-10', 'USA', -1, -1, 'Rhode Island', 2018, 0, NULL, 77250),
(1629126, 1610612760, 'Deonte', 'Burton', 30, 'G', 1.96, 111.1, '1994-01-31', 'USA', -1, -1, 'Iowa State', 2018, 0, NULL, 500000),
(1629129, 1610612740, 'Trevon', 'Bluiett', 5, 'G-F', 1.98, 89.8, '1994-11-04', 'USA', -1, -1, 'Xavier (Ohio)', -1, 0, NULL, 77250),
(1629130, 1610612748, 'Duncan', 'Robinson', 55, 'F', 2.03, 95.3, '1994-04-22', 'USA', -1, -1, 'Michigan', 2018, 0, NULL, 77250),
(1629133, 1610612742, 'Daryl', 'Macon', 3, 'G', 1.9, 83.9, '1995-11-29', 'USA', -1, -1, 'Arkansas', 2018, 0, NULL, 77250),
(1629139, 1610612763, 'Yuta', 'Watanabe', 12, 'G', 2.06, 93, '1994-10-13', 'Japan', -1, -1, 'George Washington', 2018, 0, NULL, 77250),
(1629140, 1610612747, 'Johnathan', 'Williams', 19, 'F', 2.06, 103.4, '1995-05-22', 'USA', -1, -1, 'Gonzaga', 2018, 0, NULL, 127250),
(1629147, 1610612766, 'Joe', 'Chealey', 31, 'G', 1.9, 86.2, '1995-11-01', 'USA', -1, -1, 'Charleston (SC)', 2018, 0, NULL, 77250),
(1629151, 1610612742, 'Ryan', 'Broekhoff', 45, 'G-F', 2.01, 97.5, '1990-08-23', 'Australia', -1, -1, '', 2018, 0, NULL, 838464),
(1629164, 1610612743, 'Brandon', 'Goodwin', 6, 'G', 1.88, 81.6, '1995-10-02', 'USA', -1, -1, '', 2018, 0, NULL, 56845),
(1629167, 1610612746, 'Justin', 'Bibbs', 11, 'G', 1.96, 99.8, '1996-01-14', 'USA', -1, -1, '', -1, 0, NULL, 92159),
(1629168, 1610612737, 'BJ', 'Johnson', 5, 'F', 2.01, 90.7, '1995-12-21', 'USA', -1, -1, '', 2018, 0, NULL, 142111),
(1629185, 1610612745, 'Chris', 'Chiozza', 2, 'G', 1.83, 79.4, '1995-11-21', 'USA', -1, -1, '', 2018, 0, NULL, 137374),
(1629234, 1610612759, 'Drew', 'Eubanks', 14, 'F', 2.08, 111.1, '1997-02-01', 'USA', -1, -1, '', 2018, 0, NULL, 77250),
(1629244, 1610612750, 'Cameron', 'Reynolds', 13, 'G', 2.03, 102.1, '1995-02-07', 'USA', -1, -1, '', 2018, 0, NULL, 108953),
(1629312, 1610612755, 'Haywood', 'Highsmith', 7, 'F', 2.01, 99.8, '1996-12-09', 'USA', -1, -1, '', 2018, 0, NULL, 77250),
(1629541, 1610612740, 'Dairis', 'Bertans', 9, 'G', 1.93, 90.7, '1989-09-09', 'Latvia', -1, -1, '', 2018, 0, NULL, 194220);

-- --------------------------------------------------------

--
-- Estructura de tabla para la tabla `komunitatea`
--

CREATE TABLE `komunitatea` (
  `idKomunitatea` int(11) NOT NULL,
  `nick` varchar(45) NOT NULL,
  `izen_osoa` varchar(100) DEFAULT NULL,
  `pasahitza` varchar(255) DEFAULT NULL,
  `ongietorri_mezua` varchar(255) DEFAULT NULL,
  `saria1` int(11) DEFAULT NULL,
  `saria2` int(11) DEFAULT NULL,
  `saria3` int(11) DEFAULT NULL
) ENGINE=InnoDB DEFAULT CHARSET=latin1;

--
-- Volcado de datos para la tabla `komunitatea`
--

INSERT INTO `komunitatea` (`idKomunitatea`, `nick`, `izen_osoa`, `pasahitza`, `ongietorri_mezua`, `saria1`, `saria2`, `saria3`) VALUES
(1, 'root', '', '', '', 0, 0, 0),
(2, 'ugari', 'Ugari Crew', '123456', 'Ongietorri Ugari Showtime!!', 5000002, 2500000, 1000000),
(3, 'probakoa', 'Probako Komunitate berria', '123456', 'Ongietorri probako mezua!!', 5000000, 2500000, 1000000);

-- --------------------------------------------------------

--
-- Estructura de tabla para la tabla `merkatuko_jokalaria`
--

CREATE TABLE `merkatuko_jokalaria` (
  `idMerkatuko_Jokalaria` int(11) NOT NULL,
  `idKomunitatea` int(11) NOT NULL,
  `idJokalaria` int(11) NOT NULL,
  `idErabiltzailea_Jabea` int(11) DEFAULT NULL,
  `idErabiltzailea_Irabazlea` int(11) DEFAULT NULL,
  `hasierako_prezioa` int(11) NOT NULL,
  `eskaintza_irabazlea` int(11) NOT NULL,
  `onartua` tinyint(1) NOT NULL,
  `tramitatua` tinyint(1) NOT NULL,
  `tramitazio_eguna` date NOT NULL
) ENGINE=InnoDB DEFAULT CHARSET=latin1;

--
-- Volcado de datos para la tabla `merkatuko_jokalaria`
--

INSERT INTO `merkatuko_jokalaria` (`idMerkatuko_Jokalaria`, `idKomunitatea`, `idJokalaria`, `idErabiltzailea_Jabea`, `idErabiltzailea_Irabazlea`, `hasierako_prezioa`, `eskaintza_irabazlea`, `onartua`, `tramitatua`, `tramitazio_eguna`) VALUES
(1, 2, 202688, 1, 2, 14631250, 17000000, 0, 1, '2019-05-14'),
(2, 2, 202685, 1, 1, 16539326, 0, 0, 1, '2019-05-14'),
(3, 2, 203078, 1, 1, 25434262, 0, 0, 1, '2019-05-14'),
(4, 2, 203496, 1, 1, 10464092, 0, 0, 1, '2019-05-14'),
(5, 2, 203085, 1, 1, 13155324, 0, 0, 1, '2019-05-14'),
(6, 2, 203952, 1, 1, 25467250, 0, 0, 1, '2019-05-14'),
(7, 2, 203954, 1, 1, 25467250, 0, 0, 1, '2019-05-14'),
(8, 2, 203500, 1, 1, 24157304, 0, 0, 1, '2019-05-14'),
(9, 1, 1627748, 2, 2, 5000000, 0, 0, 1, '2019-05-14'),
(10, 1, 203076, 2, 1, 26000000, 18787123, 0, 1, '2019-05-14'),
(11, 2, 201586, 2, 1, 25000000, 20583333, 1, 1, '2019-05-16'),
(12, 2, 203503, 1, 3, 10607143, 11000000, 0, 0, '2019-05-16'),
(13, 2, 201939, 1, 3, 37457154, 40000000, 0, 0, '2019-05-16'),
(14, 2, 202689, 1, 2, 12000000, 15000000, 0, 0, '2019-05-16'),
(15, 2, 203953, 1, 1, 20000000, 0, 0, 0, '2019-05-16'),
(16, 2, 201942, 1, 1, 27739975, 0, 0, 0, '2019-05-16'),
(17, 2, 203897, 1, 1, 19500000, 0, 0, 0, '2019-05-16'),
(18, 2, 200768, 1, 1, 31200000, 0, 0, 0, '2019-05-16'),
(19, 2, 202697, 1, 1, 11011234, 0, 0, 0, '2019-05-16'),
(20, 3, 203503, 1, 1, 10607143, 0, 0, 0, '2019-05-16'),
(21, 3, 201939, 1, 1, 37457154, 0, 0, 0, '2019-05-16'),
(22, 3, 202689, 1, 1, 12000000, 0, 0, 0, '2019-05-16'),
(23, 3, 203953, 1, 1, 20000000, 0, 0, 0, '2019-05-16'),
(24, 3, 201942, 1, 1, 27739975, 0, 0, 0, '2019-05-16'),
(25, 3, 203897, 1, 1, 19500000, 0, 0, 0, '2019-05-16'),
(26, 3, 200768, 1, 1, 31200000, 0, 0, 0, '2019-05-16'),
(27, 3, 202697, 1, 1, 11011234, 0, 0, 0, '2019-05-16'),
(28, 2, 202689, 3, 1, 20000000, 11400000, 1, 0, '2019-05-27'),
(29, 2, 203613, 2, 1, 8000000, 5700000, 1, 0, '2019-05-29');

-- --------------------------------------------------------

--
-- Estructura de tabla para la tabla `mezua`
--

CREATE TABLE `mezua` (
  `idMezua` int(11) NOT NULL,
  `idKomunitatea` int(11) DEFAULT NULL,
  `idErabiltzailea` int(11) DEFAULT NULL,
  `eguna` date DEFAULT NULL,
  `ezabagarria` tinyint(1) DEFAULT NULL,
  `mezua` varchar(255) DEFAULT NULL
) ENGINE=InnoDB DEFAULT CHARSET=latin1;

--
-- Volcado de datos para la tabla `mezua`
--

INSERT INTO `mezua` (`idMezua`, `idKomunitatea`, `idErabiltzailea`, `eguna`, `ezabagarria`, `mezua`) VALUES
(1, 2, 2, '2019-05-16', 1, 'Probako mezua'),
(3, 2, 3, '2019-05-29', 1, 'mezuaaa'),
(4, 2, 3, '2019-05-29', 1, 'Mezu berria'),
(5, 2, 2, '2019-05-29', 1, 'Mezu berria bidali');

-- --------------------------------------------------------

--
-- Estructura de tabla para la tabla `puntuazioa_erabiltzailea_jardunaldia`
--

CREATE TABLE `puntuazioa_erabiltzailea_jardunaldia` (
  `idErabiltzailea` int(11) NOT NULL,
  `idJardunaldia` int(11) NOT NULL,
  `puntuak` int(11) DEFAULT NULL
) ENGINE=InnoDB DEFAULT CHARSET=latin1;

--
-- Volcado de datos para la tabla `puntuazioa_erabiltzailea_jardunaldia`
--

INSERT INTO `puntuazioa_erabiltzailea_jardunaldia` (`idErabiltzailea`, `idJardunaldia`, `puntuak`) VALUES
(2, 32, 69),
(3, 32, 89);

-- --------------------------------------------------------

--
-- Estructura de tabla para la tabla `puntuazioa_jokalaria_jardunaldia`
--

CREATE TABLE `puntuazioa_jokalaria_jardunaldia` (
  `idJokalaria` int(11) NOT NULL,
  `idJardunaldia` int(11) NOT NULL,
  `puntuak` int(11) DEFAULT NULL
) ENGINE=InnoDB DEFAULT CHARSET=latin1;

--
-- Volcado de datos para la tabla `puntuazioa_jokalaria_jardunaldia`
--

INSERT INTO `puntuazioa_jokalaria_jardunaldia` (`idJokalaria`, `idJardunaldia`, `puntuak`) VALUES
(1713, 32, 2),
(2037, 32, 2),
(2199, 32, 2),
(2200, 32, 12),
(2225, 32, -4),
(2544, 32, 24),
(2548, 32, 10),
(2585, 32, 9),
(2594, 32, 0),
(2617, 32, 0),
(2733, 32, 6),
(2734, 32, -2),
(2736, 32, 0),
(2738, 32, 7),
(2747, 32, -3),
(2772, 32, -5),
(101107, 32, 11),
(101108, 32, 28),
(101109, 32, 0),
(101112, 32, 0),
(101123, 32, -6),
(101133, 32, 2),
(101139, 32, 6),
(101141, 32, 2),
(101150, 32, 7),
(101161, 32, 16),
(101181, 32, 0),
(200746, 32, 18),
(200752, 32, 3),
(200755, 32, 2),
(200765, 32, 24),
(200768, 32, 30),
(200782, 32, 5),
(200794, 32, 15),
(200826, 32, 14),
(201142, 32, 18),
(201143, 32, 18),
(201144, 32, 4),
(201145, 32, -5),
(201152, 32, 13),
(201158, 32, -5),
(201160, 32, 3),
(201162, 32, 2),
(201188, 32, 14),
(201229, 32, 2),
(201565, 32, 20),
(201566, 32, 24),
(201567, 32, 2),
(201568, 32, 11),
(201569, 32, -2),
(201571, 32, -3),
(201572, 32, -3),
(201577, 32, 3),
(201580, 32, 21),
(201583, 32, 7),
(201584, 32, 0),
(201586, 32, 21),
(201587, 32, 23),
(201588, 32, -1),
(201599, 32, 17),
(201601, 32, 8),
(201609, 32, 14),
(201933, 32, 35),
(201935, 32, 23),
(201936, 32, 8),
(201937, 32, 9),
(201939, 32, 11),
(201942, 32, 25),
(201950, 32, 23),
(201952, 32, 8),
(201954, 32, -7),
(201959, 32, 14),
(201967, 32, 1),
(201973, 32, 0),
(201976, 32, 7),
(201980, 32, 8),
(201988, 32, -3),
(202066, 32, 32),
(202083, 32, 9),
(202322, 32, 17),
(202323, 32, 15),
(202324, 32, 21),
(202327, 32, 0),
(202328, 32, 0),
(202329, 32, -8),
(202330, 32, 14),
(202331, 32, -3),
(202334, 32, 14),
(202335, 32, 4),
(202339, 32, 20),
(202340, 32, 1),
(202347, 32, 0),
(202355, 32, 17),
(202357, 32, -2),
(202362, 32, -2),
(202391, 32, -6),
(202397, 32, 1),
(202498, 32, 1),
(202681, 32, 4),
(202683, 32, 24),
(202684, 32, 20),
(202685, 32, 12),
(202687, 32, 0),
(202689, 32, 18),
(202691, 32, 7),
(202692, 32, 16),
(202693, 32, 15),
(202694, 32, 10),
(202695, 32, 17),
(202696, 32, 45),
(202697, 32, -1),
(202699, 32, 16),
(202702, 32, 10),
(202703, 32, 29),
(202704, 32, 3),
(202709, 32, -3),
(202710, 32, 45),
(202711, 32, 13),
(202714, 32, 4),
(202718, 32, -5),
(202720, 32, 0),
(202722, 32, 9),
(202734, 32, 2),
(202954, 32, 3),
(203076, 32, 47),
(203077, 32, 9),
(203078, 32, 21),
(203081, 32, 20),
(203082, 32, 7),
(203083, 32, 7),
(203085, 32, 6),
(203086, 32, 7),
(203087, 32, 7),
(203089, 32, 6),
(203090, 32, 8),
(203095, 32, -2),
(203101, 32, 13),
(203107, 32, 3),
(203109, 32, 9),
(203110, 32, 13),
(203114, 32, 20),
(203115, 32, 15),
(203118, 32, 5),
(203121, 32, 1),
(203124, 32, 6),
(203145, 32, 8),
(203200, 32, 25),
(203210, 32, 4),
(203382, 32, 11),
(203457, 32, 7),
(203458, 32, 7),
(203459, 32, 0),
(203468, 32, 15),
(203469, 32, 7),
(203471, 32, 6),
(203476, 32, 10),
(203482, 32, 5),
(203484, 32, -1),
(203486, 32, 7),
(203487, 32, 3),
(203490, 32, 3),
(203493, 32, 4),
(203496, 32, 10),
(203497, 32, 22),
(203500, 32, 29),
(203501, 32, 10),
(203503, 32, 0),
(203504, 32, 6),
(203506, 32, 10),
(203507, 32, 19),
(203516, 32, -1),
(203521, 32, 0),
(203524, 32, 0),
(203546, 32, 0),
(203552, 32, 2),
(203584, 32, 1),
(203585, 32, 21),
(203613, 32, -2),
(203710, 32, -6),
(203895, 32, 0),
(203897, 32, 17),
(203901, 32, 15),
(203903, 32, 13),
(203914, 32, 9),
(203915, 32, 3),
(203917, 32, 21),
(203918, 32, 7),
(203920, 32, 0),
(203922, 32, 3),
(203924, 32, 3),
(203925, 32, 7),
(203926, 32, 9),
(203932, 32, 5),
(203933, 32, 7),
(203935, 32, 1),
(203937, 32, -1),
(203939, 32, 18),
(203943, 32, 16),
(203944, 32, 23),
(203952, 32, 10),
(203953, 32, 7),
(203954, 32, 27),
(203957, 32, 9),
(203967, 32, 12),
(203991, 32, 18),
(203994, 32, 12),
(203999, 32, 58),
(204020, 32, -1),
(204025, 32, -1),
(204038, 32, 1),
(204060, 32, 25),
(204456, 32, 10),
(1626143, 32, -2),
(1626145, 32, -2),
(1626149, 32, -1),
(1626155, 32, 5),
(1626156, 32, 13),
(1626157, 32, 25),
(1626158, 32, -1),
(1626161, 32, 27),
(1626162, 32, 3),
(1626163, 32, 0),
(1626164, 32, 8),
(1626167, 32, 1),
(1626168, 32, -9),
(1626169, 32, 1),
(1626170, 32, 2),
(1626171, 32, 5),
(1626172, 32, 14),
(1626174, 32, -2),
(1626179, 32, 14),
(1626181, 32, 1),
(1626185, 32, 0),
(1626188, 32, -3),
(1626192, 32, -2),
(1626195, 32, 4),
(1626196, 32, 16),
(1626203, 32, -1),
(1626204, 32, 8),
(1626209, 32, 1),
(1626220, 32, -3),
(1626224, 32, 14),
(1626245, 32, 0),
(1626246, 32, 5),
(1626257, 32, 0),
(1627732, 32, 5),
(1627733, 32, -2),
(1627734, 32, 19),
(1627736, 32, -1),
(1627740, 32, 0),
(1627741, 32, 5),
(1627742, 32, 7),
(1627745, 32, 13),
(1627746, 32, -1),
(1627747, 32, 23),
(1627750, 32, -13),
(1627751, 32, 5),
(1627752, 32, 3),
(1627759, 32, 1),
(1627761, 32, 11),
(1627763, 32, 4),
(1627767, 32, 5),
(1627774, 32, 9),
(1627777, 32, 6),
(1627782, 32, 2),
(1627783, 32, 10),
(1627788, 32, 0),
(1627789, 32, 0),
(1627790, 32, 2),
(1627812, 32, 9),
(1627814, 32, 0),
(1627816, 32, -2),
(1627820, 32, 0),
(1627823, 32, 8),
(1627824, 32, 0),
(1627826, 32, 0),
(1627827, 32, 11),
(1627832, 32, 12),
(1627846, 32, 0),
(1627853, 32, 18),
(1627854, 32, 11),
(1627884, 32, -3),
(1628021, 32, 0),
(1628035, 32, -2),
(1628070, 32, 0),
(1628365, 32, 7),
(1628366, 32, 13),
(1628367, 32, 14),
(1628368, 32, 19),
(1628369, 32, 26),
(1628370, 32, 6),
(1628371, 32, 8),
(1628372, 32, 4),
(1628373, 32, 8),
(1628378, 32, 1),
(1628379, 32, 8),
(1628380, 32, 8),
(1628382, 32, 14),
(1628384, 32, 4),
(1628385, 32, 8),
(1628386, 32, 24),
(1628388, 32, 0),
(1628389, 32, 13),
(1628390, 32, -7),
(1628392, 32, 4),
(1628395, 32, 1),
(1628397, 32, 0),
(1628398, 32, 2),
(1628399, 32, 0),
(1628400, 32, 0),
(1628402, 32, 6),
(1628403, 32, -1),
(1628404, 32, 2),
(1628407, 32, 0),
(1628410, 32, 0),
(1628411, 32, -4),
(1628412, 32, 2),
(1628413, 32, 0),
(1628415, 32, -7),
(1628416, 32, 0),
(1628418, 32, 0),
(1628420, 32, -7),
(1628422, 32, 0),
(1628425, 32, 2),
(1628436, 32, 0),
(1628464, 32, -1),
(1628467, 32, 8),
(1628469, 32, 14),
(1628470, 32, 8),
(1628515, 32, 10),
(1628959, 32, 0),
(1628960, 32, 0),
(1628963, 32, 21),
(1628964, 32, 16),
(1628966, 32, 0),
(1628969, 32, 0),
(1628970, 32, 0),
(1628971, 32, -6),
(1628972, 32, 0),
(1628973, 32, 1),
(1628976, 32, 4),
(1628977, 32, 2),
(1628978, 32, -4),
(1628980, 32, 0),
(1628982, 32, 0),
(1628983, 32, 15),
(1628984, 32, 0),
(1628988, 32, -1),
(1628989, 32, 16),
(1628990, 32, 0),
(1628991, 32, 20),
(1628993, 32, 3),
(1628995, 32, -1),
(1628999, 32, 0),
(1629002, 32, 0),
(1629003, 32, 0),
(1629004, 32, 0),
(1629006, 32, 0),
(1629010, 32, 0),
(1629011, 32, 2),
(1629012, 32, -2),
(1629013, 32, -5),
(1629016, 32, 9),
(1629019, 32, 5),
(1629026, 32, 0),
(1629027, 32, 11),
(1629028, 32, 1),
(1629029, 32, -3),
(1629033, 32, 0),
(1629034, 32, 0),
(1629057, 32, 0),
(1629058, 32, 0),
(1629059, 32, -1),
(1629066, 32, 7),
(1629067, 32, 0),
(1629109, 32, -5),
(1629117, 32, 0),
(1629118, 32, 0),
(1629121, 32, 0),
(1629126, 32, 0),
(1629130, 32, 0),
(1629133, 32, 0),
(1629140, 32, 0),
(1629151, 32, -1),
(1629234, 32, 1);

-- --------------------------------------------------------

--
-- Estructura de tabla para la tabla `taldea`
--

CREATE TABLE `taldea` (
  `idTaldea` int(11) NOT NULL,
  `hiria` varchar(100) DEFAULT NULL,
  `apodoa` varchar(45) DEFAULT NULL,
  `izen_osoa` varchar(45) DEFAULT NULL,
  `konferentzia` varchar(45) DEFAULT NULL,
  `url_izena` varchar(45) DEFAULT NULL
) ENGINE=InnoDB DEFAULT CHARSET=latin1;

--
-- Volcado de datos para la tabla `taldea`
--

INSERT INTO `taldea` (`idTaldea`, `hiria`, `apodoa`, `izen_osoa`, `konferentzia`, `url_izena`) VALUES
(1610612737, 'Atlanta', 'Hawks', 'Atlanta Hawks', 'East', 'hawks'),
(1610612738, 'Boston', 'Celtics', 'Boston Celtics', 'East', 'celtics'),
(1610612739, 'Cleveland', 'Cavaliers', 'Cleveland Cavaliers', 'East', 'cavaliers'),
(1610612740, 'New Orleans', 'Pelicans', 'New Orleans Pelicans', 'West', 'pelicans'),
(1610612741, 'Chicago', 'Bulls', 'Chicago Bulls', 'East', 'bulls'),
(1610612742, 'Dallas', 'Mavericks', 'Dallas Mavericks', 'West', 'mavericks'),
(1610612743, 'Denver', 'Nuggets', 'Denver Nuggets', 'West', 'nuggets'),
(1610612744, 'Golden State', 'Warriors', 'Golden State Warriors', 'West', 'warriors'),
(1610612745, 'Houston', 'Rockets', 'Houston Rockets', 'West', 'rockets'),
(1610612746, 'LA', 'Clippers', 'LA Clippers', 'West', 'clippers'),
(1610612747, 'Los Angeles', 'Lakers', 'Los Angeles Lakers', 'West', 'lakers'),
(1610612748, 'Miami', 'Heat', 'Miami Heat', 'East', 'heat'),
(1610612749, 'Milwaukee', 'Bucks', 'Milwaukee Bucks', 'East', 'bucks'),
(1610612750, 'Minnesota', 'Timberwolves', 'Minnesota Timberwolves', 'West', 'timberwolves'),
(1610612751, 'Brooklyn', 'Nets', 'Brooklyn Nets', 'East', 'nets'),
(1610612752, 'New York', 'Knicks', 'New York Knicks', 'East', 'knicks'),
(1610612753, 'Orlando', 'Magic', 'Orlando Magic', 'East', 'magic'),
(1610612754, 'Indiana', 'Pacers', 'Indiana Pacers', 'East', 'pacers'),
(1610612755, 'Philadelphia', '76ers', 'Philadelphia 76ers', 'East', 'sixers'),
(1610612756, 'Phoenix', 'Suns', 'Phoenix Suns', 'West', 'suns'),
(1610612757, 'Portland', 'Trail Blazers', 'Portland Trail Blazers', 'West', 'blazers'),
(1610612758, 'Sacramento', 'Kings', 'Sacramento Kings', 'West', 'kings'),
(1610612759, 'San Antonio', 'Spurs', 'San Antonio Spurs', 'West', 'spurs'),
(1610612760, 'Oklahoma City', 'Thunder', 'Oklahoma City Thunder', 'West', 'thunder'),
(1610612761, 'Toronto', 'Raptors', 'Toronto Raptors', 'East', 'raptors'),
(1610612762, 'Utah', 'Jazz', 'Utah Jazz', 'West', 'jazz'),
(1610612763, 'Memphis', 'Grizzlies', 'Memphis Grizzlies', 'West', 'grizzlies'),
(1610612764, 'Washington', 'Wizards', 'Washington Wizards', 'East', 'wizards'),
(1610612765, 'Detroit', 'Pistons', 'Detroit Pistons', 'East', 'pistons'),
(1610612766, 'Charlotte', 'Hornets', 'Charlotte Hornets', 'East', 'hornets');

-- --------------------------------------------------------

--
-- Estructura de tabla para la tabla `transakzioa`
--

CREATE TABLE `transakzioa` (
  `idTransakzioa` int(11) NOT NULL,
  `idErabiltzailea` int(11) DEFAULT NULL,
  `kantitatea` int(11) DEFAULT NULL,
  `mezua` varchar(255) DEFAULT NULL,
  `eguna` date DEFAULT NULL
) ENGINE=InnoDB DEFAULT CHARSET=latin1;

--
-- Volcado de datos para la tabla `transakzioa`
--

INSERT INTO `transakzioa` (`idTransakzioa`, `idErabiltzailea`, `kantitatea`, `mezua`, `eguna`) VALUES
(1, 2, 40000000, '0_', '2019-05-14'),
(2, 2, -17000000, '4_Brandon Knight', '2019-05-16'),
(3, 2, 0, '4_Thon Maker', '2019-05-16'),
(4, 3, 40000000, '0_', '2019-05-16'),
(5, 4, 40000000, '0_', '2019-05-16'),
(6, 3, 5000000, '1_', '2019-05-16'),
(7, 2, 2500000, '2_', '2019-05-16'),
(8, 3, 5000000, '1_', '2019-05-16'),
(9, 2, 2500000, '2_', '2019-05-16');

--
-- Índices para tablas volcadas
--

--
-- Indices de la tabla `alineazioa`
--
ALTER TABLE `alineazioa`
  ADD PRIMARY KEY (`idErabiltzailea`,`mota`),
  ADD KEY `idJokalaria1` (`idJokalaria1`),
  ADD KEY `idJokalaria2` (`idJokalaria2`),
  ADD KEY `idJokalaria3` (`idJokalaria3`),
  ADD KEY `idJokalaria4` (`idJokalaria4`),
  ADD KEY `idJokalaria5` (`idJokalaria5`);

--
-- Indices de la tabla `erabiltzailea`
--
ALTER TABLE `erabiltzailea`
  ADD PRIMARY KEY (`idErabiltzailea`),
  ADD UNIQUE KEY `nick_UNIQUE` (`nick`),
  ADD UNIQUE KEY `idErabiltzailea_UNIQUE` (`idErabiltzailea`),
  ADD UNIQUE KEY `email_UNIQUE` (`email`),
  ADD KEY `fk_idKomunitatea_idx` (`idKomunitatea`);

--
-- Indices de la tabla `erabiltzailearen_jokalaria`
--
ALTER TABLE `erabiltzailearen_jokalaria`
  ADD PRIMARY KEY (`idErabiltzailea`,`idJokalaria`),
  ADD KEY `idJokalaria` (`idJokalaria`);

--
-- Indices de la tabla `eskaintza`
--
ALTER TABLE `eskaintza`
  ADD PRIMARY KEY (`idEskaintza`),
  ADD KEY `fk_id_erabiltzailea` (`idErabiltzailea`),
  ADD KEY `fk_id_merkatukojokalaria` (`idMerkatuko_Jokalaria`);

--
-- Indices de la tabla `jardunaldia`
--
ALTER TABLE `jardunaldia`
  ADD PRIMARY KEY (`idJardunaldia`),
  ADD UNIQUE KEY `hasierako_eguna_UNIQUE` (`hasierako_eguna`);

--
-- Indices de la tabla `jokalaria`
--
ALTER TABLE `jokalaria`
  ADD PRIMARY KEY (`idJokalaria`),
  ADD UNIQUE KEY `idJokalaria_UNIQUE` (`idJokalaria`),
  ADD KEY `fk_idDraftTaldea_idx` (`draft_id_taldea`),
  ADD KEY `fk_idTaldea_idx` (`idTaldea`);

--
-- Indices de la tabla `komunitatea`
--
ALTER TABLE `komunitatea`
  ADD PRIMARY KEY (`idKomunitatea`),
  ADD UNIQUE KEY `nick_UNIQUE` (`nick`);

--
-- Indices de la tabla `merkatuko_jokalaria`
--
ALTER TABLE `merkatuko_jokalaria`
  ADD PRIMARY KEY (`idMerkatuko_Jokalaria`),
  ADD KEY `idKomunitatea` (`idKomunitatea`),
  ADD KEY `idJokalaria` (`idJokalaria`),
  ADD KEY `idErabiltzailea_Jabea` (`idErabiltzailea_Jabea`),
  ADD KEY `idErabiltzailea_Irabazlea` (`idErabiltzailea_Irabazlea`);

--
-- Indices de la tabla `mezua`
--
ALTER TABLE `mezua`
  ADD PRIMARY KEY (`idMezua`),
  ADD KEY `idKomunitatea` (`idKomunitatea`),
  ADD KEY `idErabiltzailea` (`idErabiltzailea`);

--
-- Indices de la tabla `puntuazioa_erabiltzailea_jardunaldia`
--
ALTER TABLE `puntuazioa_erabiltzailea_jardunaldia`
  ADD PRIMARY KEY (`idErabiltzailea`,`idJardunaldia`),
  ADD KEY `idJardunaldia` (`idJardunaldia`);

--
-- Indices de la tabla `puntuazioa_jokalaria_jardunaldia`
--
ALTER TABLE `puntuazioa_jokalaria_jardunaldia`
  ADD PRIMARY KEY (`idJokalaria`,`idJardunaldia`),
  ADD KEY `idJardunaldia` (`idJardunaldia`);

--
-- Indices de la tabla `taldea`
--
ALTER TABLE `taldea`
  ADD PRIMARY KEY (`idTaldea`);

--
-- Indices de la tabla `transakzioa`
--
ALTER TABLE `transakzioa`
  ADD PRIMARY KEY (`idTransakzioa`),
  ADD KEY `fk_idErabiltzailea_idx` (`idErabiltzailea`);

--
-- AUTO_INCREMENT de las tablas volcadas
--

--
-- AUTO_INCREMENT de la tabla `erabiltzailea`
--
ALTER TABLE `erabiltzailea`
  MODIFY `idErabiltzailea` int(11) NOT NULL AUTO_INCREMENT, AUTO_INCREMENT=5;

--
-- AUTO_INCREMENT de la tabla `eskaintza`
--
ALTER TABLE `eskaintza`
  MODIFY `idEskaintza` int(11) NOT NULL AUTO_INCREMENT, AUTO_INCREMENT=10;

--
-- AUTO_INCREMENT de la tabla `jardunaldia`
--
ALTER TABLE `jardunaldia`
  MODIFY `idJardunaldia` int(11) NOT NULL AUTO_INCREMENT, AUTO_INCREMENT=69;

--
-- AUTO_INCREMENT de la tabla `komunitatea`
--
ALTER TABLE `komunitatea`
  MODIFY `idKomunitatea` int(11) NOT NULL AUTO_INCREMENT, AUTO_INCREMENT=4;

--
-- AUTO_INCREMENT de la tabla `merkatuko_jokalaria`
--
ALTER TABLE `merkatuko_jokalaria`
  MODIFY `idMerkatuko_Jokalaria` int(11) NOT NULL AUTO_INCREMENT, AUTO_INCREMENT=30;

--
-- AUTO_INCREMENT de la tabla `mezua`
--
ALTER TABLE `mezua`
  MODIFY `idMezua` int(11) NOT NULL AUTO_INCREMENT, AUTO_INCREMENT=6;

--
-- AUTO_INCREMENT de la tabla `transakzioa`
--
ALTER TABLE `transakzioa`
  MODIFY `idTransakzioa` int(11) NOT NULL AUTO_INCREMENT, AUTO_INCREMENT=10;

--
-- Restricciones para tablas volcadas
--

--
-- Filtros para la tabla `alineazioa`
--
ALTER TABLE `alineazioa`
  ADD CONSTRAINT `alineazioa_ibfk_1` FOREIGN KEY (`idErabiltzailea`) REFERENCES `erabiltzailea` (`idErabiltzailea`),
  ADD CONSTRAINT `alineazioa_ibfk_2` FOREIGN KEY (`idJokalaria1`) REFERENCES `jokalaria` (`idJokalaria`),
  ADD CONSTRAINT `alineazioa_ibfk_3` FOREIGN KEY (`idJokalaria2`) REFERENCES `jokalaria` (`idJokalaria`),
  ADD CONSTRAINT `alineazioa_ibfk_4` FOREIGN KEY (`idJokalaria3`) REFERENCES `jokalaria` (`idJokalaria`),
  ADD CONSTRAINT `alineazioa_ibfk_5` FOREIGN KEY (`idJokalaria4`) REFERENCES `jokalaria` (`idJokalaria`),
  ADD CONSTRAINT `alineazioa_ibfk_6` FOREIGN KEY (`idJokalaria5`) REFERENCES `jokalaria` (`idJokalaria`);

--
-- Filtros para la tabla `erabiltzailea`
--
ALTER TABLE `erabiltzailea`
  ADD CONSTRAINT `fk_idKomunitatea` FOREIGN KEY (`idKomunitatea`) REFERENCES `komunitatea` (`idKomunitatea`) ON DELETE NO ACTION ON UPDATE NO ACTION;

--
-- Filtros para la tabla `erabiltzailearen_jokalaria`
--
ALTER TABLE `erabiltzailearen_jokalaria`
  ADD CONSTRAINT `erabiltzailearen_jokalaria_ibfk_1` FOREIGN KEY (`idErabiltzailea`) REFERENCES `erabiltzailea` (`idErabiltzailea`),
  ADD CONSTRAINT `erabiltzailearen_jokalaria_ibfk_2` FOREIGN KEY (`idJokalaria`) REFERENCES `jokalaria` (`idJokalaria`);

--
-- Filtros para la tabla `eskaintza`
--
ALTER TABLE `eskaintza`
  ADD CONSTRAINT `fk_id_erabiltzailea` FOREIGN KEY (`idErabiltzailea`) REFERENCES `erabiltzailea` (`idErabiltzailea`),
  ADD CONSTRAINT `fk_id_merkatukojokalaria` FOREIGN KEY (`idMerkatuko_Jokalaria`) REFERENCES `merkatuko_jokalaria` (`idMerkatuko_Jokalaria`);

--
-- Filtros para la tabla `jokalaria`
--
ALTER TABLE `jokalaria`
  ADD CONSTRAINT `fk_idDraftTaldea` FOREIGN KEY (`draft_id_taldea`) REFERENCES `taldea` (`idTaldea`) ON DELETE NO ACTION ON UPDATE NO ACTION,
  ADD CONSTRAINT `fk_idTaldea` FOREIGN KEY (`idTaldea`) REFERENCES `taldea` (`idTaldea`) ON DELETE NO ACTION ON UPDATE NO ACTION;

--
-- Filtros para la tabla `merkatuko_jokalaria`
--
ALTER TABLE `merkatuko_jokalaria`
  ADD CONSTRAINT `merkatuko_jokalaria_ibfk_1` FOREIGN KEY (`idKomunitatea`) REFERENCES `komunitatea` (`idKomunitatea`),
  ADD CONSTRAINT `merkatuko_jokalaria_ibfk_2` FOREIGN KEY (`idJokalaria`) REFERENCES `jokalaria` (`idJokalaria`),
  ADD CONSTRAINT `merkatuko_jokalaria_ibfk_3` FOREIGN KEY (`idErabiltzailea_Jabea`) REFERENCES `erabiltzailea` (`idErabiltzailea`),
  ADD CONSTRAINT `merkatuko_jokalaria_ibfk_4` FOREIGN KEY (`idErabiltzailea_Irabazlea`) REFERENCES `erabiltzailea` (`idErabiltzailea`);

--
-- Filtros para la tabla `mezua`
--
ALTER TABLE `mezua`
  ADD CONSTRAINT `mezua_ibfk_1` FOREIGN KEY (`idKomunitatea`) REFERENCES `komunitatea` (`idKomunitatea`),
  ADD CONSTRAINT `mezua_ibfk_2` FOREIGN KEY (`idErabiltzailea`) REFERENCES `erabiltzailea` (`idErabiltzailea`);

--
-- Filtros para la tabla `puntuazioa_erabiltzailea_jardunaldia`
--
ALTER TABLE `puntuazioa_erabiltzailea_jardunaldia`
  ADD CONSTRAINT `puntuazioa_erabiltzailea_jardunaldia_ibfk_1` FOREIGN KEY (`idErabiltzailea`) REFERENCES `erabiltzailea` (`idErabiltzailea`),
  ADD CONSTRAINT `puntuazioa_erabiltzailea_jardunaldia_ibfk_2` FOREIGN KEY (`idJardunaldia`) REFERENCES `jardunaldia` (`idJardunaldia`);

--
-- Filtros para la tabla `puntuazioa_jokalaria_jardunaldia`
--
ALTER TABLE `puntuazioa_jokalaria_jardunaldia`
  ADD CONSTRAINT `puntuazioa_jokalaria_jardunaldia_ibfk_1` FOREIGN KEY (`idJokalaria`) REFERENCES `jokalaria` (`idJokalaria`),
  ADD CONSTRAINT `puntuazioa_jokalaria_jardunaldia_ibfk_2` FOREIGN KEY (`idJardunaldia`) REFERENCES `jardunaldia` (`idJardunaldia`);

--
-- Filtros para la tabla `transakzioa`
--
ALTER TABLE `transakzioa`
  ADD CONSTRAINT `fk_idErabiltzailea` FOREIGN KEY (`idErabiltzailea`) REFERENCES `erabiltzailea` (`idErabiltzailea`) ON DELETE NO ACTION ON UPDATE NO ACTION;
COMMIT;

/*!40101 SET CHARACTER_SET_CLIENT=@OLD_CHARACTER_SET_CLIENT */;
/*!40101 SET CHARACTER_SET_RESULTS=@OLD_CHARACTER_SET_RESULTS */;
/*!40101 SET COLLATION_CONNECTION=@OLD_COLLATION_CONNECTION */;
